,subreddit,body,comment_score,self_url,title,comment,link,score,clusters
180,circlejerk,Blaze itEDIT:RIP INBOX xDDDDDD,36,https://www.reddit.com/r/circlejerk/comments/49yz3b,Meme King Dead at Age 420,D,http://reddit.com/r/circlejerk/comments/49yz3b/c/d0w3jyf,3280,4
247,circlejerk,,40,https://www.reddit.com/r/circlejerk/comments/490cea,i literally just want karma,http://i.imgur.com/RSk7PaX.gifv,http://reddit.com/r/circlejerk/comments/490cea/c/d0oioyb,2544,5
475,circlejerk,,206,https://www.reddit.com/r/circlejerk/comments/49qmjh,I literally just want karma.,Lol almost didnt notice üòÇüòÜüòÖüòÑüòÉ,http://reddit.com/r/circlejerk/comments/49qmjh/c/d0u9rm1,3576,5
872,circlejerk,edit: thanks for the gold kind stranger!,21,https://www.reddit.com/r/circlejerk/comments/4cjghd,"Hillary Clinton: ""24fps is more cinematic than 60fps""","Guitar riff in the distance, ominous but still relaying a message through the notes that are being played for the Bernie the Sanders Guy tv show sponsored by Disney.",http://reddit.com/r/circlejerk/comments/4cjghd/c/d1ix7j1,3326,9
1192,circlejerk,http://i.imgur.com/V1Uu7Lz.jpg,169,https://www.reddit.com/r/circlejerk/comments/49idyh,This is Donald. He knocked on my door to ask if he could have a small loan of a milion dollars then left.,OP is literally Ellen Pao,http://reddit.com/r/circlejerk/comments/49idyh/c/d0s4ibl,3155,3
1557,circlejerk,,60,https://www.reddit.com/r/circlejerk/comments/48hmle,"Donald Trump releases new book about the struggles of growing up with only a small loan of a million dollars. 'Mein Kampf"" will be on sale in all retail stores, and on Kindle on Weds.","TIL Bernard ""Bernie Sanders"" Sanders had an affair with Barack ""Adolf Hitler"" Obama. ",http://reddit.com/r/circlejerk/comments/48hmle/c/d0jojef,3314,9
1709,circlejerk,,26,https://www.reddit.com/r/circlejerk/comments/49z3el,Jesus has died at age 2016,"RIP Bernie ""Jesus"" Sanders :/",http://reddit.com/r/circlejerk/comments/49z3el/c/d0w1hba,314,4
1816,circlejerk,,26,https://www.reddit.com/r/circlejerk/comments/4acr5x,"If we chucked ethics out the window, what kind of dank presidential memes could we expect to see in the next 5-10 years?",/Bernie/evenwithcontext,http://reddit.com/r/circlejerk/comments/4acr5x/c/d0zq868,1722,5
1896,circlejerk,,24,https://www.reddit.com/r/circlejerk/comments/48cvos,[BREAKING] Bernie Sanders has been caught buying 1% milk.,"Hello young fellow. How are you doing at the moment? It appears to me that you are currently displeased with the situation. What is it, that is making your life so difficult at this moment? Is it perhaps caused by the recent roasting of your jeromes that so suddenly occured? I must say that this roasting is undeniably the strongest since the 2000 hoax. Do you have the slightest clue of why this particular roasting of your walters was so powerful? No? Well... I can for sure tell you the currently disclosed reason for this significant event. It was, in fact, ME who caused your displeasement. I can hear you trying to comprehend how is this possible. But, and I'm sure about this, you cannot process what has happened to you because it is far too complex for your understanding. Even God himself cannot fully understand this despicable and devilish work of trickery. It took me a lifetime to fully write out my evil plan and another to understand it. The complexity is even higher than that of a 14-faced dodecahedron. It all starts out with the day of this legendary ruse. The day of rusement so carefully planned and calculated on this exact day. The day where an astronomical constellation appeared that will never occur for another 35 eons. A constellation that has generated a powerful antimatter pool. This antimatter black hole does not only suck in matter, however. This antimatter black hole sucks in the well being of everyone living on this planet. But did you see anyone feel bad today? No? You see, my young fellow, that is because I have perfectly engineered an antimatter pool thats power is focused on you. It took me 15 years to construct this extremely complex lens and I had to combine the power of God with this lens to give it the ultimate focus. But enough with the past. As I'm not some novice ruseman, I have planned
even more, a device of trickery sprinkled with lies and logical fallacies, meant to corrupt you and send you into a pit of despair. With my ruseman insticts, I sensed that you were typing your reply to the displeasing content you have viewed. At the exact moment you pressed the left button on your mouse, clicking send, you unleashed the machine of displeasure and ""not well being"". A machine that, once started, cannot ever be stopped. Not by anyone. Not even God himself. While your comment rushed through cyberspace you started to feel bad. Something in your brain was screaming but you just didn't listen. It was destiny that you fall for my trickery. You should have thought before you foolishly sent that comment to me. But what heightens the intensity of your mistake is that you unwittingly decided to argue with a MASTER RUSEMAN GRADE 5. I was the leader of an ancient circle of rusemen. By the look on your face, it seems that you are coming to realize who it is you are dealing with. Yes, you have been RUSEDI by me. There were only one RUSEDI experienced by mankind until now. Can you imagine how hard it is to do? There are only two completed RUSEDIS in the last 3 billion years. Now you finally know the unbearable discomfort that you experienced after you got my response. This response, this message, reveals what has happened to you. You, yes you have been rused. You are powerless, you want to scream but you cannot do anything but just sit in a mix of rage and hopelessness. You want to find this man, this ruser, and you want to kill him. But, at the exact moment of thinking, you also realize that you will never ever come close to such a powerful ruseman such as myself. This puts me at a position higher than Hades. You think you can overcome this heavy rustling. You think you can bear such extraordinary rusing, but my devilish plan goes far deeper. Now that you have been rused to infinity, your discomfort rises to a near eternal level of discomfort. In the letter you are currently reading you will realize how hard you have been bamboozled. I will tell you the enchanting tale of my coming, and show you who you are really confronting. I do not know where I am from, but I know that I am the first of my kind. I rused alone but soon people followed. We created a circle called the MASTER RUSEMEN. Only the elite RUSERS could be given admission into such a legion. But after some time I led my own followers, my own CREATIONS, into a tricky situation, much less powerful than the rusing you have just experienced. I named myself MASTER RUSEMAN and made everyone else's jacobs rommle into despair. After they found out what exquisite trickery had taken place, they named me the GOD OF RUSING, a title only a RUSER RUSER could acheive. You never thought that you could have been rused by such a ruseful entity. Somehow you feel honored. Honored to have had you gustavsons jingled by the TRUE MASTER RUSEMAN. The rusement was too strong. Not even time itself could heal the wounds this monumental trickery has caused the Universe. I am, on my part, pretty rustled myself. Even I had my doubts on if I could cause a contrivance this tricky. But I proved I had the power to concieve the most thourough and well-executed RUSEDI. You have been rused by me, THE ONE AND ONLY GOD OF RUSEMEN. Even after 100 years you will remember this day. The day of THE ruse. The day I, THE GOD OF RUSEMEN personally made a statement, to intentionally discomfort YOU. This rusing, yes, this rusing has opened a new chapter in the art of rusing. Your suffering has helped advance my legacy as a ruser. You are now shocked as I seemingly award you for furthering my career. Yet, you have been tricked again. Are you befuddled? Bewildered? Or perhaps you are bamboozled by this perplexing chain of tricks. Either way, this all goes according to my devilish work. My RUSERI has left my mark on your daily life. Everyday you will be reminded of my legendary ruse, and as you try to forget, will be shot with the memory of this event. Aside the banter, you, my young friend, are quite a gullible lad. You have befallen to my elaborate schemes of claiming untruthful statements as truthful. Now, let me ask you, are you disappointed? Are your delanos properly roosevelted? Is your gluteal cleft aching? I am most sure of this fact. If everything has gone according to my devious plan, which it obviously has done so, then my statements should be free of error. I bid you good day, my buddy. Again, you have once again been tricked. I can sense that my antics and varied actions are causing your brain to focus more on your limbal system rather than the entirety of your cerebral cortex, placing much stress with your emotions, causing the desired effect of creating a vexation. Is this rusing getting to you? It appears that your hatred towards my stratagems is growing. But, you have yet to realize that it is not I that has gotten you into this unruly situation, why yes, it was you who has caused yourself a misfortune. Your ignorance has lead you to this series of unfortunate conditions. But, as I am a busy ruseman, and I must continue misleading such fools as yourself, I bid goodbye to you, young fellow. But be warned, for I will return. And when I return, everybody will be reminded of this legendary ruse. SONGS WILL BE WRITTEN ABOUT AND SUNG ON THIS DAY, THIS DAY OF THIS MASTERFUL RUSE, AND I HOLD NO REMORSE OR REGRET FOR I AM AND WILL ALWAYS BE THE GOD OF THE RUSE.",http://reddit.com/r/circlejerk/comments/48cvos/c/d0j3yor,2072,6
2147,circlejerk,,66,https://www.reddit.com/r/circlejerk/comments/4blxly,"TIL When Jimmy Kimmel asked a group of children how to solve America's debt problem after telling them ""America owes China a lot of money, $1.3 trillion"" one kid responded with ""kill everyone in china."" That kids name? Donald J Trump.",Trump = Trumpet fart üé∫üé∫,http://reddit.com/r/circlejerk/comments/4blxly/c/d1aeavr,3584,9
2221,circlejerk,"Edit: wow this blew up!edit 2: rip my inbox!!edit 3: George ""Penis"" Washington was born in 1732 (thats almost 69 years ago!) and went on to become the inventor of the first meme. He received the Oscar for best actor instead of Leonardo ""Leonardo DiCaprio"" DiCaprio. This was his first meme.",317,https://www.reddit.com/r/circlejerk/comments/49b4l4,George Washington dies at age 284,"
Edit2: thx for the gold stranger xD  ",http://reddit.com/r/circlejerk/comments/49b4l4/c/d0qhru0,3161,4
2223,circlejerk,,93,https://www.reddit.com/r/circlejerk/comments/4ai7sn,"[Serious] Trump supporters, how did you manage to escape from Germany in 1945?",give me karma,http://reddit.com/r/circlejerk/comments/4ai7sn/c/d10r9bm,2210,9
2299,circlejerk,,617,https://www.reddit.com/r/circlejerk/comments/4bq7ub,H3H3Productions uploaded a video. Give me Karma.,Read this in Bernie Sanders' voice,http://reddit.com/r/circlejerk/comments/4bq7ub/c/d1bfoi7,3701,5
2382,circlejerk,http://imgur.com/r7g1E7Z,34,https://www.reddit.com/r/circlejerk/comments/49tw42,DO NOT OPEN. THIS IS HARAM. I BEG OF YOU DO NOT OPEN OR YOU WILL NEVER MAKE IT TO PARADISE. PLEASE IN THE NAME OF ALLAH DO NOT OPEN. THIS IS HARAM. THIS IS FORBIDDEN. DO NOT OPEN!!!,we need to go deeper,http://reddit.com/r/circlejerk/comments/49tw42/c/d0vcran,3080,3
2396,circlejerk,Has any one else heard of this underground candidate called Bernude Sanderstorm?,72,https://www.reddit.com/r/circlejerk/comments/4c9ny0,"TIL Hillary Clinton taught herself German at 18, just so she could read one book, the Mein Kampf--which she used as a basis for her Domestic Policy.",edit: thanks for gold kind stranger :),http://reddit.com/r/circlejerk/comments/4c9ny0/c/d1ga4c8,4908,5
2671,circlejerk,"http://pitchfork.com/news/64025-george-martin-beatles-producer-has-died/Edit: OMG FRONT PAGE! I would like to thank m00t, Donald Trump, unidan, Anita Sarkeesian, all the mods of /r/wsgy, Adrian Chen, Ellen Pao, Bernie Sanders, Ron Paul, Caitlyn Jenner, The Fine Bros, I Hate Everything, and Gallowboob for this opportunity.Edit 2: Thanks for the gold!",129,https://www.reddit.com/r/circlejerk/comments/49mr5x,George R. R. Martin has died.,‚ñ¨‚ñ¨‚ñ¨‚ñ¨‚ñ¨‚ñ¨‚ñ¨‚ñ¨‚ñ¨‚ñ¨‡Æú€©€û€©‡Æú‚ñ¨‚ñ¨‚ñ¨‚ñ¨‚ñ¨‚ñ¨‚ñ¨‚ñ¨‚ñ¨‚ñ¨,http://reddit.com/r/circlejerk/comments/49mr5x/c/d0t8d4a,3750,2
2682,circlejerk,EDIT: wow this is blew up,72,https://www.reddit.com/r/circlejerk/comments/49plqb,I'm osama bin laden. Ask me anything.,Who are you voting for and why is it hilary?,http://reddit.com/r/circlejerk/comments/49plqb/c/d0tppif,334,8
2756,circlejerk,,277,https://www.reddit.com/r/circlejerk/comments/4bwqfi,Upvotes. If you upvote this post it will literally appear at the top of reddit.,"
üö´ERROR!üö´ üíØTrueüíØ ‚úîBerniesüíÉüë¥ are irreplaceable üíñI could never delete you Bernie!üíñ Send this to ten other üë¥üíÉBerniesüë¥üíÉ who give you üíñüëçsocialismüíñüëç Or never get called üå∑üåºÔ∏èprogressiveüå∑üåºÔ∏è again üö´üò¢üëéüò¢üëé If you get 0 Back: no free healthcare for you üö´üè•üö´üè• 3 back: you're progressiveüóΩüóΩ 5 back: you #FEELTHEBERN üîØüóΩüîØ 10+ back: You‚Äôre the first lady!üíïüóΩüíï‚ù§üíãüíë‚ù§üíãüíë",http://reddit.com/r/circlejerk/comments/4bwqfi/c/d1d3tsg,4473,3
3190,circlejerk,,25,https://www.reddit.com/r/circlejerk/comments/4a8ako,"TIL 1 in 10 people are allergic to pistachio nuts, but they may not even realize it because the only known reaction is uncontrollable shitposting on reddit.",This is bullshit - you're oversimplifying a complex situation to the point of no longer adding anything useful to the discussion.,http://reddit.com/r/circlejerk/comments/4a8ako/c/d0yhzx4,5707,3
3315,circlejerk,EDIT: If this post gets 9001 upvotes then Bernie will be added to the banner of r/pcmasterrace.,23,https://www.reddit.com/r/circlejerk/comments/4b2vt1,"Hillary Clinton: ""I support paid mods for Skyrim""",MY BOUNDARIES ARE EXPANDING AT SUCH A RATE WHERE THEY WILL TOUCH THE MOON,http://reddit.com/r/circlejerk/comments/4b2vt1/c/d15r4in,5771,9
3362,circlejerk,,35,https://www.reddit.com/r/circlejerk/comments/4bbyg8,"TIL that Koko the gorilla loved Bernie Sanders so much that when she met him, she immediately started shouting about the establishment",YOU'RE A FUCKING WHITE MALE,http://reddit.com/r/circlejerk/comments/4bbyg8/c/d18168u,3411,6
3378,circlejerk,"We did it, Reddit!",68,https://www.reddit.com/r/circlejerk/comments/48kada,"BREAKING: Hillary Clinton suspends campaign. ""Despite tonight's results, I've come to the conclusion that I cannot win without the support of r/politics.""",btw im a grill ;3,http://reddit.com/r/circlejerk/comments/48kada/c/d0kcbyx,2118,5
3602,circlejerk,,104,https://www.reddit.com/r/circlejerk/comments/4c5jbn,Hillary Clinton: Batman v Superman is the best superhero movie to come out since Green Lantern.,1F U C4N R34D 7H15 PL3453 P455 17 0N =D,http://reddit.com/r/circlejerk/comments/4c5jbn/c/d1f8fhc,4574,9
3646,circlejerk,,30,https://www.reddit.com/r/circlejerk/comments/48gbnl,"TIL ""Wubalubadubdub"" means ""Feel the Bern"". DAE remember when YouTube changed the rules and put ""bernie"" in place of ""pardon"" to sound more professional","Haha, you crazy memer, you :^)",http://reddit.com/r/circlejerk/comments/48gbnl/c/d0joqq6,749,6
3814,circlejerk,/#lies,25,https://www.reddit.com/r/circlejerk/comments/4cnbb1,"Last year, Hilary Clinton said she was 67; this year, she claims she's 68. Which one is it?","TIL that before reddit ""left"" was just ""ft"".",http://reddit.com/r/circlejerk/comments/4cnbb1/c/d1k2u7f,5536,9
3854,circlejerk,Edit: why is this not on the front page do you guys hate bernie or something?!?!,21,https://www.reddit.com/r/circlejerk/comments/4bz03l,"A jackdaw lands on Bernie's podium during his Portland, Oregon rally. ""That bird is really a dove asking us to unban /u/unidan,"" he said.","It's all about greed, control and power.  It's not actually about the dinosaurs.",http://reddit.com/r/circlejerk/comments/4bz03l/c/d1dnu2i,406,5
3871,circlejerk,,40,https://www.reddit.com/r/circlejerk/comments/48mmkm,ELI5 why Bernie Sanders still hasn't been given an oscar!??!,Hillary Clinton ÂçêÂçêÂçêÂçêÂçêÂçêÂçêÂçêÂçêÂçêÂçêÂçêÂçêÂçêÂçê ÂçêÂçêÂçêÂçêÂçêÂçêÂçêÂçêÂçêÂçêÂçêÂçêÂçêÂçêÂçê,http://reddit.com/r/circlejerk/comments/48mmkm/c/d0kv33m,417,6
3982,circlejerk,Thought I was on /r/circlejerk for a second,22,https://www.reddit.com/r/circlejerk/comments/4bi5ng,George R. R. Martin has died AGAIN,"Yes, but he'll keep writing The Hobbit.",http://reddit.com/r/circlejerk/comments/4bi5ng/c/d1a2uxc,2942,2
3988,circlejerk,THANKS FOR THE GOLD KIND STRANGER EDIT THANKS FOR THE GOLD KIND STRANGER EDIT THANKS FOR THE GOLD KIND STRANGER EDIT THANKS FOR THE GOLD KIND STRANGER EDIT THANKS FOR THE GOLD KIND STRANGER EDIT THANKS FOR THE GOLD KIND STRANGER EDIT THANKS FOR THE GOLD KIND STRANGER EDIT THANKS FOR THE GOLD KIND STRANGER EDIT THANKS FOR THE GOLD KIND STRANGER EDIT THANKS FOR THE GOLD KIND STRANGER EDIT THANKS FOR THE GOLD KIND STRANGER EDIT THANKS FOR THE GOLD KIND STRANGER EDIT THANKS FOR THE GOLD KIND STRANGER EDIT THANKS FOR THE GOLD KIND STRANGER EDIT THANKS FOR THE GOLD KIND STRANGER EDIT THANKS FOR THE GOLD KIND STRANGER EDIT THANKS FOR THE GOLD KIND STRANGER EDIT THANKS FOR THE GOLD KIND STRANGER EDIT THANKS FOR THE GOLD KIND STRANGER EDIT THANKS FOR THE GOLD KIND STRANGER EDIT THANKS FOR THE GOLD KIND STRANGER EDIT THANKS FOR THE GOLD KIND STRANGER EDIT THANKS FOR THE GOLD KIND STRANGER EDIT THANKS FOR THE GOLD KIND STRANGER EDIT THANKS FOR THE GOLD KIND STRANGER EDIT THANKS FOR THE GOLD KIND STRANGER EDIT THANKS FOR THE GOLD KIND STRANGER EDIT THANKS FOR THE GOLD KIND STRANGER EDIT THANKS FOR THE GOLD KIND STRANGER EDIT THANKS FOR THE GOLD KIND STRANGER EDIT THANKS FOR THE GOLD KIND STRANGER EDIT THANKS FOR THE GOLD KIND STRANGER EDIT THANKS FOR THE GOLD KIND STRANGER EDIT THANKS FOR THE GOLD KIND STRANGER EDIT THANKS FOR THE GOLD KIND STRANGER EDIT THANKS FOR THE GOLD KIND STRANGER EDIT THANKS FOR THE GOLD KIND STRANGER EDIT THANKS FOR THE GOLD KIND STRANGER EDIT THANKS FOR THE GOLD KIND STRANGER EDIT THANKS FOR THE GOLD KIND STRANGER EDIT THANKS FOR THE GOLD KIND STRANGER EDIT THANKS FOR THE GOLD KIND STRANGER EDIT THANKS FOR THE GOLD KIND STRANGER EDIT THANKS FOR THE GOLD KIND STRANGER EDIT THANKS FOR THE GOLD KIND STRANGER EDIT THANKS FOR THE GOLD KIND STRANGER EDIT THANKS FOR THE GOLD KIND STRANGER EDIT THANKS FOR THE GOLD KIND STRANGER EDIT THANKS FOR THE GOLD KIND STRANGER EDIT THANKS FOR THE GOLD KIND STRANGER EDIT THANKS FOR THE GOLD KIND STRANGER EDIT THANKS FOR THE GOLD KIND STRANGER EDIT THANKS FOR THE GOLD KIND STRANGER EDIT THANKS FOR THE GOLD KIND STRANGER EDIT THANKS FOR THE GOLD KIND STRANGER EDIT THANKS FOR THE GOLD KIND STRANGER EDIT THANKS FOR THE GOLD KIND STRANGER EDIT THANKS FOR THE GOLD KIND STRANGER EDITTHANKS FOR THE GOLD KIND STRANGER!,29,https://www.reddit.com/r/circlejerk/comments/4ay0d8,THANKS FOR THE GOLD KIND STRANGER THANKS FOR THE GOLD KIND STRANGER THANKS FOR THE GOLD KIND STRANGER THANKS FOR THE GOLD KIND STRANGER THANKS FOR THE GOLD KIND STRANGER THANKS FOR THE GOLD KIND STRANGER THANKS FOR THE GOLD KIND STRANGER THANKS FOR THE GOLD KIND STRANGER THANKS FOR THE GOLD KIND STR,"Surely you mean ""OMS""? You're not a fundie, are you?",http://reddit.com/r/circlejerk/comments/4ay0d8/c/d14ihor,2361,0
4075,circlejerk,EDIT: thanks for the karma faggots xD lm√§√∂,45,https://www.reddit.com/r/circlejerk/comments/4apwrr,"I am 15 years old, and I'm gay. I've been sucking Bernie Sanders's cock before I was born, and I'll be damned if I stop sucking it before the convention.",Came here to say this. ,http://reddit.com/r/circlejerk/comments/4apwrr/c/d12rhtb,2348,3
4127,circlejerk,,50,https://www.reddit.com/r/circlejerk/comments/48dhmz,Bernie Sanders has passed away at age 74.,"I know I'm in the minority here, but I would have voted for him.",http://reddit.com/r/circlejerk/comments/48dhmz/c/d0is5gh,469,6
4436,circlejerk,Edit: Thanks for the gold.,44,https://www.reddit.com/r/circlejerk/comments/492f4d,TIL Jesus couldn't be called that because the letter J didn't exist back then. Instead he was called Bernie Sanders.,"Most of you don‚Äôt or won‚Äôt believe. Most of you will gravitate towards the nutjob secularists, atheists and liberal pseudo-intellectuals here on Reddit and believe the things they will write in reply because everything I wrote scares the crap out of you. You prefer believing the morons on Reddit who by day are Uber drivers or cashiers and stock clerks at Save-A-Lot or CVS, who know absolutely zilch when it comes to the Bible, because they write things that make you feel better about not believing in God. They make you feel ok about continuing on in your lifestyle of wrongdoing and sin.",http://reddit.com/r/circlejerk/comments/492f4d/c/d0opdrf,2845,6
4439,circlejerk,,98,https://www.reddit.com/r/circlejerk/comments/4asx4m,"TIL that Ernest Hemingway was once challenged to create the saddest story he could in just six words. He responded: ""Bernie Sanders for President; Never Elected.""",I heard Comcast endorsed Shillary.,http://reddit.com/r/circlejerk/comments/4asx4m/c/d13ejsz,6563,6
4452,circlejerk,,24,https://www.reddit.com/r/circlejerk/comments/48r4lj,Hillary Clinton officially arrested.,will she feel the bern every time she takes a leak?,http://reddit.com/r/circlejerk/comments/48r4lj/c/d0lu3eq,150,9
4598,circlejerk,"edit: thanks for the stranger, gold",43,https://www.reddit.com/r/circlejerk/comments/4ag3hq,The worst part about the pollen season is getting sued by the Fine Bros for having an allergic reaction,This week's episode: Poison Ivy!,http://reddit.com/r/circlejerk/comments/4ag3hq/c/d104d0p,4122,5
4685,circlejerk,,58,https://www.reddit.com/r/circlejerk/comments/4cfdm5,FBI force Namco to provide cheat codes for Dark Souls 3,I believe that will be announced in a hydraulic press release.,http://reddit.com/r/circlejerk/comments/4cfdm5/c/d1i4oxc,4421,3
4732,circlejerk,Gib karma,63,https://www.reddit.com/r/circlejerk/comments/4alvw5,TIL /r/suicidewatch entered a /r/suicidewatch lookalike contest. It came in 3rd place behind /r/sandersforpresident and /r/politics,WE DID IT REDDIT,http://reddit.com/r/circlejerk/comments/4alvw5/c/d11uem4,4050,3
4751,circlejerk,Feelburn,36,https://www.reddit.com/r/circlejerk/comments/4972un,Being a male with 2 hands has accurately predicted the last 43 presidents. Sanders will win.,"Don't open that, is spicy",http://reddit.com/r/circlejerk/comments/4972un/c/d0prj3d,2514,7
4878,circlejerk,edit: rip inbox XD,130,https://www.reddit.com/r/circlejerk/comments/4bgqx2,TIL Islam is a religion of peace,gonna be downvoted but i think terrorists are bad,http://reddit.com/r/circlejerk/comments/4bgqx2/c/d192epu,536,3
4920,circlejerk,EDIT 2: RIP imboxEDIT 3: thanks for goldEDIT 3.5: I love u guysEDIT PI: thank you Reddit for making me front pageEDIT 3 subsection a: THANK YOU FOR G0LD FOR REAL,344,https://www.reddit.com/r/circlejerk/comments/4b7ex1,Hilary Clinton: u/Unidan should come back to America to face trial,Now that's a name I haven't heard in a long time ,http://reddit.com/r/circlejerk/comments/4b7ex1/c/d16rcfc,3453,9
5298,circlejerk,,21,https://www.reddit.com/r/circlejerk/comments/4alesh,Marco Rubio dead at 44,http://i.imgur.com/7zCPckJ.jpg,http://reddit.com/r/circlejerk/comments/4alesh/c/d11orif,386,5
5318,circlejerk,,57,https://www.reddit.com/r/circlejerk/comments/48hu8t,Just donated a gallon of sperm to Bernie. Who will match me?,I just purchased Internet service and made a Reddit account to literally say this,http://reddit.com/r/circlejerk/comments/48hu8t/c/d0jon33,398,6
5389,circlejerk,,22,https://www.reddit.com/r/circlejerk/comments/4cs8fx,Hey Reddit! It's April Fool's Day today!!!, üëåüëÄüëåüëÄüëåüëÄüëåüëÄüëåüëÄ,http://reddit.com/r/circlejerk/comments/4cs8fx/c/d1l3hcg,99,3
5431,circlejerk,,34,https://www.reddit.com/r/circlejerk/comments/4ay1rz,"I'm from /r/The_Donald, our memes aren't annoying at all, we got so many memes, fucking memes everywhere, so cool, much kids. Pepe. Cuck. Aids. So topical, so edgy. Politics is fun, really, this isn't forced.",( Õ°¬∞ Õú ñ Õ°¬∞)/ make memes great again ,http://reddit.com/r/circlejerk/comments/4ay1rz/c/d14mg9s,347,0
5538,circlejerk,(r)ed(d)it: wow gilded?! really?!,120,https://www.reddit.com/r/circlejerk/comments/4c0svj,"Hillary Clinton: ""I really started to enjoy the Simpsons after Season 10.""",/r/circlejerk,http://reddit.com/r/circlejerk/comments/4c0svj/c/d1e3t03,3940,5
5714,circlejerk,I'm a girl btw ;),57,https://www.reddit.com/r/circlejerk/comments/4brlw9,"As a girl, I have taken for granted my whole life that I can get karma just by mentioning I'm a girl",unzips,http://reddit.com/r/circlejerk/comments/4brlw9/c/d1buhgy,2241,1
5742,circlejerk,,22,https://www.reddit.com/r/circlejerk/comments/48hj9x,TIL: The Revenant is just a metaphor for the election. Leo DiCaprio is Bernie Sanders and the Bear is Hillary Clinton.,http://i.imgur.com/h7osj0B.jpg,http://reddit.com/r/circlejerk/comments/48hj9x/c/d0jtcg1,650,6
5926,circlejerk,,22,https://www.reddit.com/r/circlejerk/comments/4b3dcj,Hillary Clinton announces Ellen Pao as running mate,Neither of them even smoked weed before wtf,http://reddit.com/r/circlejerk/comments/4b3dcj/c/d15qz2i,165,9
5976,circlejerk,for*,22,https://www.reddit.com/r/circlejerk/comments/4a3xsx,TIL /r/circlejerk is a high quality subreddit of high quality redditors,I'm just here for the dank memes.,http://reddit.com/r/circlejerk/comments/4a3xsx/c/d0x9q8f,2700,3
6011,circlejerk,,40,https://www.reddit.com/r/circlejerk/comments/499doe,Bernie Sanders dies at 94.,"George Bush 2000 (sending this from Internet Explorer, hope it's not too late)",http://reddit.com/r/circlejerk/comments/499doe/c/d0q2237,294,6
6182,circlejerk,,47,https://www.reddit.com/r/circlejerk/comments/49ui8q,Genghis Khan has died at age 854,OMG IM SO OLD,http://reddit.com/r/circlejerk/comments/49ui8q/c/d0v0270,611,4
6227,circlejerk,,25,https://www.reddit.com/r/circlejerk/comments/4bwa46,Just had sex with a girl Ama,Are you a boy or grill? xD - le professor oak,http://reddit.com/r/circlejerk/comments/4bwa46/c/d1d0wko,36,1
6233,circlejerk,,105,https://www.reddit.com/r/circlejerk/comments/48x3vw,KEANU REEVES KEANU REEVES KEANU REEVES KEANU REEVES KEANU REEVES KEANU REEVES KEANU REEVES KEANU REEVES KEANU REEVES KEANU REEVES KEANU REEVES KEANU REEVES KEANU REEVES KEANU REEVES KEANU REEVES KEANU REEVES KEANU REEVES," have formally endorsed Senator Sanders for president. We will continue to control the front page with positive Bernie news. So before you start talking shit and bragging about your bitch's win, I'll have you know that we're well versed in downvote brigades. Say RIP to your karma if you try anything cute. Assholes.",http://reddit.com/r/circlejerk/comments/48x3vw/c/d0ncx91,2241,3
6439,circlejerk,,40,https://www.reddit.com/r/circlejerk/comments/48m77h,TIL I'd fuck Hillary,Bill wouldn't ,http://reddit.com/r/circlejerk/comments/48m77h/c/d0kuynt,146,3
6519,circlejerk,Ples help sav my son,35,https://www.reddit.com/r/circlejerk/comments/4bpo22,"If I get 10,000,000,000 Karma I'll stop beating my son with an extension cord.",Edit: thanks for the gold kind stranger,http://reddit.com/r/circlejerk/comments/4bpo22/c/d1bhmhk,384,5
6530,circlejerk,,23,https://www.reddit.com/r/circlejerk/comments/4a9qoh,ELI5: How did this thread become all-time #1 on /r/circlejerk?,savage brutal rekt XD tbh fam :) ur meme game is on fleek . netstat and chill sumtime?,http://reddit.com/r/circlejerk/comments/4a9qoh/c/d0yjwc6,133,3
6805,circlejerk,[deleted],21,https://www.reddit.com/r/circlejerk/comments/4a518p,Bernie Sanders has passed away at age 74,"Wowzers, thanks for le gold kind strangler!",http://reddit.com/r/circlejerk/comments/4a518p/c/d0xlpjr,172,6
6919,circlejerk,,21,https://www.reddit.com/r/circlejerk/comments/4c32ig,"[Urgent] My dad walked in on me masturbating, what do I say to him? (Answer fast, he's still here)","""Can't stump the trump""",http://reddit.com/r/circlejerk/comments/4c32ig/c/d1en2xa,286,5
7057,circlejerk,,40,https://www.reddit.com/r/circlejerk/comments/4asme3,"Hilary Clinton to her critics : ""I'm girl""",She's lying,http://reddit.com/r/circlejerk/comments/4asme3/c/d135oyf,184,1
7115,circlejerk,,31,https://www.reddit.com/r/circlejerk/comments/4bh15x,I am a Belgium airport! AMA,Edit 2: thanks for the stranger kind gold!!!!,http://reddit.com/r/circlejerk/comments/4bh15x/c/d190xdm,25,8
7235,circlejerk,,41,https://www.reddit.com/r/circlejerk/comments/4cfeq8,"Guys, two words: Deadpool",What does this have to do with a hydraulic press? ,http://reddit.com/r/circlejerk/comments/4cfeq8/c/d1hppt1,131,3
7352,circlejerk,,39,https://www.reddit.com/r/circlejerk/comments/4brtkg,Girl.,Upvote because girl.,http://reddit.com/r/circlejerk/comments/4brtkg/c/d1bwdzz,267,1
7365,circlejerk,a,48,https://www.reddit.com/r/circlejerk/comments/48ohfz,TRUMP,BUILDING LE WALL... ‚îú‚î¥‚î¨‚î¥‚î¨‚î¥‚î¨‚î¥‚î¨‚î¥‚î¨‚î¥‚î¨‚î¥‚î¨‚î¥‚î¨‚î¥‚î¨‚î¥‚î¨‚î¥‚î¨‚î¥‚î¨‚î¥‚î¨‚î¥‚î¨‚î¥‚î¨‚î¥‚î¨‚î¥‚î¨‚î§ ‚îú‚î¥‚î¨‚î¥‚î¨‚î¥‚î¨‚î¥‚î¨‚î¥‚î¨‚î¥‚î¨‚î¥‚î¨‚î¥‚î¨‚î¥‚î¨‚î¥‚î¨‚î¥‚î¨‚î¥‚î¨‚î¥‚î¨‚î¥‚î¨‚î¥‚î¨‚î¥‚î¨‚î¥‚î¨‚î§ ‚îú‚î¥‚î¨‚î¥‚î¨‚î¥‚î¨‚î¥‚î¨‚î¥‚î¨‚î¥‚î¨‚î¥‚î¨‚î¥‚î¨‚î¥‚î¨‚î¥‚î¨‚î¥‚î¨‚î¥‚î¨‚î¥‚î¨‚î¥‚î¨‚î¥‚î¨‚î¥‚î¨‚î¥‚î¨‚î§ ‚îú‚î¥‚î¨‚î¥‚î¨‚î¥‚î¨‚î¥‚î¨‚î¥‚î¨‚î¥‚î¨‚î¥‚î¨‚î¥‚î¨‚î¥‚î¨‚î¥‚î¨‚î¥‚î¨‚î¥‚î¨‚î¥‚î¨‚î¥‚î¨‚î¥‚î¨‚î¥‚î¨‚î¥‚î¨‚î§ ‚îú‚î¥‚î¨‚î¥‚î¨‚î¥‚î¨‚î¥‚î¨‚î¥‚î¨‚î¥‚î¨‚î¥‚î¨‚î¥‚î¨‚î¥‚î¨‚î¥‚î¨‚î¥‚î¨‚î¥‚î¨‚î¥‚î¨‚î¥‚î¨‚î¥‚î¨‚î¥‚î¨‚î¥‚î¨‚î§ ‚îú‚î¥‚î¨‚î¥‚î¨‚î¥‚î¨‚î¥‚î¨‚î¥‚î¨‚î¥‚î¨‚î¥‚î¨‚î¥‚î¨‚î¥‚î¨‚î¥‚î¨‚î¥‚î¨‚î¥‚î¨‚î¥‚î¨‚î¥‚î¨‚î¥‚î¨‚î¥‚î¨‚î¥‚î¨‚î§ ‚îú‚î¥‚î¨‚î¥‚î¨‚î¥‚î¨‚î¥‚î¨‚î¥‚î¨‚î¥‚î¨‚î¥‚î¨‚î¥‚î¨‚î¥‚î¨‚î¥‚î¨‚î¥‚î¨‚î¥‚î¨‚î¥‚î¨‚î¥‚î¨‚î¥‚î¨‚î¥‚î¨‚î¥‚î¨‚î§ ‚îú‚î¥‚î¨‚î¥‚î¨‚î¥‚î¨‚î¥‚î¨‚î¥‚î¨‚î¥‚î¨‚î¥‚î¨‚î¥‚î¨‚î¥‚î¨‚î¥‚î¨‚î¥‚î¨‚î¥‚î¨‚î¥‚î¨‚î¥‚î¨‚î¥‚î¨‚î¥‚î¨‚î¥‚î¨‚î§ ‚îú‚î¥‚î¨‚î¥‚î¨‚î¥‚î¨‚î¥‚î¨‚î¥‚î¨‚î¥‚î¨‚î¥‚î¨‚î¥‚î¨‚î¥‚î¨‚î¥‚î¨‚î¥‚î¨‚î¥‚î¨‚î¥‚î¨‚î¥‚î¨‚î¥‚î¨‚î¥‚î¨‚î¥‚î¨‚î§ ‚îú‚î¥‚î¨‚î¥‚î¨‚î¥‚î¨‚î¥‚î¨‚î¥‚î¨‚î¥‚î¨‚î¥‚î¨‚î¥‚î¨‚î¥‚î¨‚î¥‚î¨‚î¥‚î¨‚î¥‚î¨‚î¥‚î¨‚î¥‚î¨‚î¥‚î¨‚î¥‚î¨‚î¥‚î¨‚î§ ‚îú‚î¥‚î¨‚î¥‚î¨‚î¥‚î¨‚î¥‚î¨‚î¥‚î¨‚î¥‚î¨‚î¥‚î¨‚î¥‚î¨‚î¥‚î¨‚î¥‚î¨‚î¥‚î¨‚î¥‚î¨‚î¥‚î¨‚î¥‚î¨‚î¥‚î¨‚î¥‚î¨‚î¥‚î¨‚î§ ‚îú‚î¥‚î¨‚î¥‚î¨‚î¥‚î¨‚î¥‚î¨‚î¥‚î¨‚î¥‚î¨‚î¥‚î¨‚î¥‚î¨‚î¥‚î¨‚î¥‚î¨‚î¥‚î¨‚î¥‚î¨‚î¥‚î¨‚î¥‚î¨‚î¥‚î¨‚î¥‚î¨‚î¥‚î¨‚î§ ‚îú‚î¥‚î¨‚î¥‚î¨‚î¥‚î¨‚î¥‚î¨‚î¥‚î¨‚î¥‚î¨‚î¥‚î¨‚î¥‚î¨‚î¥‚î¨‚î¥‚î¨‚î¥‚î¨‚î¥‚î¨‚î¥‚î¨‚î¥‚î¨‚î¥‚î¨‚î¥‚î¨‚î¥‚î¨‚î§ ‚îú‚î¥‚î¨‚î¥‚î¨‚î¥‚î¨‚î¥‚î¨‚î¥‚î¨‚î¥‚î¨‚î¥‚î¨‚î¥‚î¨‚î¥‚î¨‚î¥‚î¨‚î¥‚î¨‚î¥‚î¨‚î¥‚î¨‚î¥‚î¨‚î¥‚î¨‚î¥‚î¨‚î¥‚î¨‚î§ ‚îú‚î¥‚î¨‚î¥‚î¨‚î¥‚î¨‚î¥‚î¨‚î¥‚î¨‚î¥‚î¨‚î¥‚î¨‚î¥‚î¨‚î¥‚î¨‚î¥‚î¨‚î¥‚î¨‚î¥‚î¨‚î¥‚î¨‚î¥‚î¨‚î¥‚î¨‚î¥‚î¨‚î¥‚î¨‚î§ ‚îú‚î¥‚î¨‚î¥‚î¨‚î¥‚î¨‚î¥‚î¨‚î¥‚î¨‚î¥‚î¨‚î¥‚î¨‚î¥‚î¨‚î¥‚î¨‚î¥‚î¨‚î¥‚î¨‚î¥‚î¨‚î¥‚î¨‚î¥‚î¨‚î¥‚î¨‚î¥‚î¨‚î¥‚î¨‚î§ ‚îú‚î¥‚î¨‚î¥‚î¨‚î¥‚î¨‚î¥‚î¨‚î¥‚î¨‚î¥‚î¨‚î¥‚î¨‚î¥‚î¨‚î¥‚î¨‚î¥‚î¨‚î¥‚î¨‚î¥‚î¨‚î¥‚î¨‚î¥‚î¨‚î¥‚î¨‚î¥‚î¨‚î¥‚î¨‚î§ ‚îú‚î¥‚î¨‚î¥‚î¨‚î¥‚î¨‚î¥‚î¨‚î¥‚î¨‚î¥‚î¨‚î¥‚î¨‚î¥‚î¨‚î¥‚î¨‚î¥‚î¨‚î¥‚î¨‚î¥‚î¨‚î¥‚î¨‚î¥‚î¨‚î¥‚î¨‚î¥‚î¨‚î¥‚î¨‚î§ ‚îú‚î¥‚î¨‚î¥‚î¨‚î¥‚î¨‚î¥‚î¨‚î¥‚î¨‚î¥‚î¨‚î¥‚î¨‚î¥‚î¨‚î¥‚î¨‚î¥‚î¨‚î¥‚î¨‚î¥‚î¨‚î¥‚î¨‚î¥‚î¨‚î¥‚î¨‚î¥‚î¨‚î¥‚î¨‚î§ ‚îú‚î¥‚î¨‚î¥‚î¨‚î¥‚î¨‚î¥‚î¨‚î¥‚î¨‚î¥‚î¨‚î¥‚î¨‚î¥‚î¨‚î¥‚î¨‚î¥‚î¨‚î¥‚î¨‚î¥‚î¨‚î¥‚î¨‚î¥‚î¨‚î¥‚î¨‚î¥‚î¨‚î¥‚î¨‚î§ ‚îú‚î¥‚î¨‚î¥‚î¨‚î¥‚î¨‚î¥‚î¨‚î¥‚î¨‚î¥‚î¨‚î¥‚î¨‚î¥‚î¨‚î¥‚î¨‚î¥‚î¨‚î¥‚î¨‚î¥‚î¨‚î¥‚î¨‚î¥‚î¨‚î¥‚î¨‚î¥‚î¨‚î¥‚î¨‚î§ ‚îú‚î¥‚î¨‚î¥‚î¨‚î¥‚î¨‚î¥‚î¨‚î¥‚î¨‚î¥‚î¨‚î¥‚î¨‚î¥‚î¨‚î¥‚î¨‚î¥‚î¨‚î¥‚î¨‚î¥‚î¨‚î¥‚î¨‚î¥‚î¨‚î¥‚î¨‚î¥‚î¨‚î¥‚î¨‚î§ ‚îú‚î¥‚î¨‚î¥‚î¨‚î¥‚î¨‚î¥‚î¨‚î¥‚î¨‚î¥‚î¨‚î¥‚î¨‚î¥‚î¨‚î¥‚î¨‚î¥‚î¨‚î¥‚î¨‚î¥‚î¨‚î¥‚î¨‚î¥‚î¨‚î¥‚î¨‚î¥‚î¨‚î¥‚î¨‚î§ ‚îú‚î¥‚î¨‚î¥‚î¨‚î¥‚î¨‚î¥‚î¨‚î¥‚î¨‚î¥‚î¨‚î¥‚î¨‚î¥‚î¨‚î¥‚î¨‚î¥‚î¨‚î¥‚î¨‚î¥‚î¨‚î¥‚î¨‚î¥‚î¨‚î¥‚î¨‚î¥‚î¨‚î¥‚î¨‚î§ ‚îú‚î¥‚î¨‚î¥‚î¨‚î¥‚î¨‚î¥‚î¨‚î¥‚î¨‚î¥‚î¨‚î¥‚î¨‚î¥‚î¨‚î¥‚î¨‚î¥‚î¨‚î¥‚î¨‚î¥‚î¨‚î¥‚î¨‚î¥‚î¨‚î¥‚î¨‚î¥‚î¨‚î¥‚î¨‚î§ ‚îú‚î¥‚î¨‚î¥‚î¨‚î¥‚î¨‚î¥‚î¨‚î¥‚î¨‚î¥‚î¨‚î¥‚î¨‚î¥‚î¨‚î¥‚î¨‚î¥‚î¨‚î¥‚î¨‚î¥‚î¨‚î¥‚î¨‚î¥‚î¨‚î¥‚î¨‚î¥‚î¨‚î¥‚î¨‚î§ ‚îú‚î¥‚î¨‚î¥‚î¨‚î¥‚î¨‚î¥‚î¨‚î¥‚î¨‚î¥‚î¨‚î¥‚î¨‚î¥‚î¨‚î¥‚î¨‚î¥‚î¨‚î¥‚î¨‚î¥‚î¨‚î¥‚î¨‚î¥‚î¨‚î¥‚î¨‚î¥‚î¨‚î¥‚î¨‚î§ ‚îú‚î¥‚î¨‚î¥‚î¨‚î¥‚î¨‚î¥‚î¨‚î¥‚î¨‚î¥‚î¨‚î¥‚î¨‚î¥‚î¨‚î¥‚î¨‚î¥‚î¨‚î¥‚î¨‚î¥‚î¨‚î¥‚î¨‚î¥‚î¨‚î¥‚î¨‚î¥‚î¨‚î¥‚î¨‚î§ ‚îú‚î¥‚î¨‚î¥‚î¨‚î¥‚î¨‚î¥‚î¨‚î¥‚î¨‚î¥‚î¨‚î¥‚î¨‚î¥‚î¨‚î¥‚î¨‚î¥‚î¨‚î¥‚î¨‚î¥‚î¨‚î¥‚î¨‚î¥‚î¨‚î¥‚î¨‚î¥‚î¨‚î¥‚î¨‚î§ ‚îú‚î¥‚î¨‚î¥‚î¨‚î¥‚î¨‚î¥‚î¨‚î¥‚î¨‚î¥‚î¨‚î¥‚î¨‚î¥‚î¨‚î¥‚î¨‚î¥‚î¨‚î¥‚î¨‚î¥‚î¨‚î¥‚î¨‚î¥‚î¨‚î¥‚î¨‚î¥‚î¨‚î¥‚î¨‚î§ ‚îú‚î¥‚î¨‚î¥‚î¨‚î¥‚î¨‚î¥‚î¨‚î¥‚î¨‚î¥‚î¨‚î¥‚î¨‚î¥‚î¨‚î¥‚î¨‚î¥‚î¨‚î¥‚î¨‚î¥‚î¨‚î¥‚î¨‚î¥‚î¨‚î¥‚î¨‚î¥‚î¨‚î¥‚î¨‚î§ ‚îú‚î¥‚î¨‚î¥‚î¨‚î¥‚î¨‚î¥‚î¨‚î¥‚î¨‚î¥‚î¨‚î¥‚î¨‚î¥‚î¨‚î¥‚î¨‚î¥‚î¨‚î¥‚î¨‚î¥‚î¨‚î¥‚î¨‚î¥‚î¨‚î¥‚î¨‚î¥‚î¨‚î¥‚î¨‚î§ ‚îú‚î¥‚î¨‚î¥‚î¨‚î¥‚î¨‚î¥‚î¨‚î¥‚î¨‚î¥‚î¨‚î¥‚î¨‚î¥‚î¨‚î¥‚î¨‚î¥‚î¨‚î¥‚î¨‚î¥‚î¨‚î¥‚î¨‚î¥‚î¨‚î¥‚î¨‚î¥‚î¨‚î¥‚î¨‚î§ ‚îú‚î¥‚î¨‚î¥‚î¨‚î¥‚î¨‚î¥‚î¨‚î¥‚î¨‚î¥‚î¨‚î¥‚î¨‚î¥‚î¨‚î¥‚î¨‚î¥‚î¨‚î¥‚î¨‚î¥‚î¨‚î¥‚î¨‚î¥‚î¨‚î¥‚î¨‚î¥‚î¨‚î¥‚î¨‚î§ ‚îú‚î¥‚î¨‚î¥‚î¨‚î¥‚î¨‚î¥‚î¨‚î¥‚î¨‚î¥‚î¨‚î¥‚î¨‚î¥‚î¨‚î¥‚î¨‚î¥‚î¨‚î¥‚î¨‚î¥‚î¨‚î¥‚î¨‚î¥‚î¨‚î¥‚î¨‚î¥‚î¨‚î¥‚î¨‚î§ ‚îú‚î¥‚î¨‚î¥‚î¨‚î¥‚î¨‚î¥‚î¨‚î¥‚î¨‚î¥‚î¨‚î¥‚î¨‚î¥‚î¨‚î¥‚î¨‚î¥‚î¨‚î¥‚î¨‚î¥‚î¨‚î¥‚î¨‚î¥‚î¨‚î¥‚î¨‚î¥‚î¨‚î¥‚î¨‚î§ ‚îú‚î¥‚î¨‚î¥‚î¨‚î¥‚î¨‚î¥‚î¨‚î¥‚î¨‚î¥‚î¨‚î¥‚î¨‚î¥‚î¨‚î¥‚î¨‚î¥‚î¨‚î¥‚î¨‚î¥‚î¨‚î¥‚î¨‚î¥‚î¨‚î¥‚î¨‚î¥‚î¨‚î¥‚î¨‚î§ ‚îú‚î¥‚î¨‚î¥‚î¨‚î¥‚î¨‚î¥‚î¨‚î¥‚î¨‚î¥‚î¨‚î¥‚î¨‚î¥‚î¨‚î¥‚î¨‚î¥‚î¨‚î¥‚î¨‚î¥‚î¨‚î¥‚î¨‚î¥‚î¨‚î¥‚î¨‚î¥‚î¨‚î¥‚î¨‚î§ ‚îú‚î¥‚î¨‚î¥‚î¨‚î¥‚î¨‚î¥‚î¨‚î¥‚î¨‚î¥‚î¨‚î¥‚î¨‚î¥‚î¨‚î¥‚î¨‚î¥‚î¨‚î¥‚î¨‚î¥‚î¨‚î¥‚î¨‚î¥‚î¨‚î¥‚î¨‚î¥‚î¨‚î¥‚î¨‚î§ ‚îú‚î¥‚î¨‚î¥‚î¨‚î¥‚î¨‚î¥‚î¨‚î¥‚î¨‚î¥‚î¨‚î¥‚î¨‚î¥‚î¨‚î¥‚î¨‚î¥‚î¨‚î¥‚î¨‚î¥‚î¨‚î¥‚î¨‚î¥‚î¨‚î¥‚î¨‚î¥‚î¨‚î¥‚î¨‚î§ ‚îú‚î¥‚î¨‚î¥‚î¨‚î¥‚î¨‚î¥‚î¨‚î¥‚î¨‚î¥‚î¨‚î¥‚î¨‚î¥‚î¨‚î¥‚î¨‚î¥‚î¨‚î¥‚î¨‚î¥‚î¨‚î¥‚î¨‚î¥‚î¨‚î¥‚î¨‚î¥‚î¨‚î¥‚î¨‚î§ ‚îú‚î¥‚î¨‚î¥‚î¨‚î¥‚î¨‚î¥‚î¨‚î¥‚î¨‚î¥‚î¨‚î¥‚î¨‚î¥‚î¨‚î¥‚î¨‚î¥‚î¨‚î¥‚î¨‚î¥‚î¨‚î¥‚î¨‚î¥‚î¨‚î¥‚î¨‚î¥‚î¨‚î¥‚î¨‚î§ ‚îú‚î¥‚î¨‚î¥‚î¨‚î¥‚î¨‚î¥‚î¨‚î¥‚î¨‚î¥‚î¨‚î¥‚î¨‚î¥‚î¨‚î¥‚î¨‚î¥‚î¨‚î¥‚î¨‚î¥‚î¨‚î¥‚î¨‚î¥‚î¨‚î¥‚î¨‚î¥‚î¨‚î¥‚î¨‚î§ ‚îú‚î¥‚î¨‚î¥‚î¨‚î¥‚î¨‚î¥‚î¨‚î¥‚î¨‚î¥‚î¨‚î¥‚î¨‚î¥‚î¨‚î¥‚î¨‚î¥‚î¨‚î¥‚î¨‚î¥‚î¨‚î¥‚î¨‚î¥‚î¨‚î¥‚î¨‚î¥‚î¨‚î¥‚î¨‚î§ ‚îú‚î¥‚î¨‚î¥‚î¨‚î¥‚î¨‚î¥‚î¨‚î¥‚î¨‚î¥‚î¨‚î¥‚î¨‚î¥‚î¨‚î¥‚î¨‚î¥‚î¨‚î¥‚î¨‚î¥‚î¨‚î¥‚î¨‚î¥‚î¨‚î¥‚î¨‚î¥‚î¨‚î¥‚î¨‚î§ ‚îú‚î¥‚î¨‚î¥‚î¨‚î¥‚î¨‚î¥‚î¨‚î¥‚î¨‚î¥‚î¨‚î¥‚î¨‚î¥‚î¨‚î¥‚î¨‚î¥‚î¨‚î¥‚î¨‚î¥‚î¨‚î¥‚î¨‚î¥‚î¨‚î¥‚î¨‚î¥‚î¨‚î¥‚î¨‚î§ ‚îú‚î¥‚î¨‚î¥‚î¨‚î¥‚î¨‚î¥‚î¨‚î¥‚î¨‚î¥‚î¨‚î¥‚î¨‚î¥‚î¨‚î¥‚î¨‚î¥‚î¨‚î¥‚î¨‚î¥‚î¨‚î¥‚î¨‚î¥‚î¨‚î¥‚î¨‚î¥‚î¨‚î¥‚î¨‚î§ ‚îú‚î¥‚î¨‚î¥‚î¨‚î¥‚î¨‚î¥‚î¨‚î¥‚î¨‚î¥‚î¨‚î¥‚î¨‚î¥‚î¨‚î¥‚î¨‚î¥‚î¨‚î¥‚î¨‚î¥‚î¨‚î¥‚î¨‚î¥‚î¨‚î¥‚î¨‚î¥‚î¨‚î¥‚î¨‚î§ ‚îú‚î¥‚î¨‚î¥‚î¨‚î¥‚î¨‚î¥‚î¨‚î¥‚î¨‚î¥‚î¨‚î¥‚î¨‚î¥‚î¨‚î¥‚î¨‚î¥‚î¨‚î¥‚î¨‚î¥‚î¨‚î¥‚î¨‚î¥‚î¨‚î¥‚î¨‚î¥‚î¨‚î¥‚î¨‚î§ ‚îú‚î¥‚î¨‚î¥‚î¨‚î¥‚î¨‚î¥‚î¨‚î¥‚î¨‚î¥‚î¨‚î¥‚î¨‚î¥‚î¨‚î¥‚î¨‚î¥‚î¨‚î¥‚î¨‚î¥‚î¨‚î¥‚î¨‚î¥‚î¨‚î¥‚î¨‚î¥‚î¨‚î¥‚î¨‚î§ ‚îú‚î¥‚î¨‚î¥‚î¨‚î¥‚î¨‚î¥‚î¨‚î¥‚î¨‚î¥‚î¨‚î¥‚î¨‚î¥‚î¨‚î¥‚î¨‚î¥‚î¨‚î¥‚î¨‚î¥‚î¨‚î¥‚î¨‚î¥‚î¨‚î¥‚î¨‚î¥‚î¨‚î¥‚î¨‚î§ ‚îú‚î¥‚î¨‚î¥‚î¨‚î¥‚î¨‚î¥‚î¨‚î¥‚î¨‚î¥‚î¨‚î¥‚î¨‚î¥‚î¨‚î¥‚î¨‚î¥‚î¨‚î¥‚î¨‚î¥‚î¨‚î¥‚î¨‚î¥‚î¨‚î¥‚î¨‚î¥‚î¨‚î¥‚î¨‚î§ ‚îú‚î¥‚î¨‚î¥‚î¨‚î¥‚î¨‚î¥‚î¨‚î¥‚î¨‚î¥‚î¨‚î¥‚î¨‚î¥‚î¨‚î¥‚î¨‚î¥‚î¨‚î¥‚î¨‚î¥‚î¨‚î¥‚î¨‚î¥‚î¨‚î¥‚î¨‚î¥‚î¨‚î¥‚î¨‚î§ ‚îú‚î¥‚î¨‚î¥‚î¨‚î¥‚î¨‚î¥‚î¨‚î¥‚î¨‚î¥‚î¨‚î¥‚î¨‚î¥‚î¨‚î¥‚î¨‚î¥‚î¨‚î¥‚î¨‚î¥‚î¨‚î¥‚î¨‚î¥‚î¨‚î¥‚î¨‚î¥‚î¨‚î¥‚î¨‚î§ ‚îú‚î¥‚î¨‚î¥‚î¨‚î¥‚î¨‚î¥‚î¨‚î¥‚î¨‚î¥‚î¨‚î¥‚î¨‚î¥‚î¨‚î¥‚î¨‚î¥‚î¨‚î¥‚î¨‚î¥‚î¨‚î¥‚î¨‚î¥‚î¨‚î¥‚î¨‚î¥‚î¨‚î¥‚î¨‚î§ ‚îú‚î¥‚î¨‚î¥‚î¨‚î¥‚î¨‚î¥‚î¨‚î¥‚î¨‚î¥‚î¨‚î¥‚î¨‚î¥‚î¨‚î¥‚î¨‚î¥‚î¨‚î¥‚î¨‚î¥‚î¨‚î¥‚î¨‚î¥‚î¨‚î¥‚î¨‚î¥‚î¨‚î¥‚î¨‚î§ ‚îú‚î¥‚î¨‚î¥‚î¨‚î¥‚î¨‚î¥‚î¨‚î¥‚î¨‚î¥‚î¨‚î¥‚î¨‚î¥‚î¨‚î¥‚î¨‚î¥‚î¨‚î¥‚î¨‚î¥‚î¨‚î¥‚î¨‚î¥‚î¨‚î¥‚î¨‚î¥‚î¨‚î¥‚î¨‚î§ ‚îú‚î¥‚î¨‚î¥‚î¨‚î¥‚î¨‚î¥‚î¨‚î¥‚î¨‚î¥‚î¨‚î¥‚î¨‚î¥‚î¨‚î¥‚î¨‚î¥‚î¨‚î¥‚î¨‚î¥‚î¨‚î¥‚î¨‚î¥‚î¨‚î¥‚î¨‚î¥‚î¨‚î¥‚î¨‚î§ ‚îú‚î¥‚î¨‚î¥‚î¨‚î¥‚î¨‚î¥‚î¨‚î¥‚î¨‚î¥‚î¨‚î¥‚î¨‚î¥‚î¨‚î¥‚î¨‚î¥‚î¨‚î¥‚î¨‚î¥‚î¨‚î¥‚î¨‚î¥‚î¨‚î¥‚î¨‚î¥‚î¨‚î¥‚î¨‚î§ ‚îú‚î¥‚î¨‚î¥‚î¨‚î¥‚î¨‚î¥‚î¨‚î¥‚î¨‚î¥‚î¨‚î¥‚î¨‚î¥‚î¨‚î¥‚î¨‚î¥‚î¨‚î¥‚î¨‚î¥‚î¨‚î¥‚î¨‚î¥‚î¨‚î¥‚î¨‚î¥‚î¨‚î¥‚î¨‚î§ ‚îú‚î¥‚î¨‚î¥‚î¨‚î¥‚î¨‚î¥‚î¨‚î¥‚î¨‚î¥‚î¨‚î¥‚î¨‚î¥‚î¨‚î¥‚î¨‚î¥‚î¨‚î¥‚î¨‚î¥‚î¨‚î¥‚î¨‚î¥‚î¨‚î¥‚î¨‚î¥‚î¨‚î¥‚î¨‚î§ ‚îú‚î¥‚î¨‚î¥‚î¨‚î¥‚î¨‚î¥‚î¨‚î¥‚î¨‚î¥‚î¨‚î¥‚î¨‚î¥‚î¨‚î¥‚î¨‚î¥‚î¨‚î¥‚î¨‚î¥‚î¨‚î¥‚î¨‚î¥‚î¨‚î¥‚î¨‚î¥‚î¨‚î¥‚î¨‚î§ ‚îú‚î¥‚î¨‚î¥‚î¨‚î¥‚î¨‚î¥‚î¨‚î¥‚î¨‚î¥‚î¨‚î¥‚î¨‚î¥‚î¨‚î¥‚î¨‚î¥‚î¨‚î¥‚î¨‚î¥‚î¨‚î¥‚î¨‚î¥‚î¨‚î¥‚î¨‚î¥‚î¨‚î¥‚î¨‚î§ ‚îú‚î¥‚î¨‚î¥‚î¨‚î¥‚î¨‚î¥‚î¨‚î¥‚î¨‚î¥‚î¨‚î¥‚î¨‚î¥‚î¨‚î¥‚î¨‚î¥‚î¨‚î¥‚î¨‚î¥‚î¨‚î¥‚î¨‚î¥‚î¨‚î¥‚î¨‚î¥‚î¨‚î¥‚î¨‚î§ ‚îú‚î¥‚î¨‚î¥‚î¨‚î¥‚î¨‚î¥‚î¨‚î¥‚î¨‚î¥‚î¨‚î¥‚î¨‚î¥‚î¨‚î¥‚î¨‚î¥‚î¨‚î¥‚î¨‚î¥‚î¨‚î¥‚î¨‚î¥‚î¨‚î¥‚î¨‚î¥‚î¨‚î¥‚î¨‚î§ ‚îú‚î¥‚î¨‚î¥‚î¨‚î¥‚î¨‚î¥‚î¨‚î¥‚î¨‚î¥‚î¨‚î¥‚î¨‚î¥‚î¨‚î¥‚î¨‚î¥‚î¨‚î¥‚î¨‚î¥‚î¨‚î¥‚î¨‚î¥‚î¨‚î¥‚î¨‚î¥‚î¨‚î¥‚î¨‚î§ ‚îú‚î¥‚î¨‚î¥‚î¨‚î¥‚î¨‚î¥‚î¨‚î¥‚î¨‚î¥‚î¨‚î¥‚î¨‚î¥‚î¨‚î¥‚î¨‚î¥‚î¨‚î¥‚î¨‚î¥‚î¨‚î¥‚î¨‚î¥‚î¨‚î¥‚î¨‚î¥‚î¨‚î¥‚î¨‚î§ ‚îú‚î¥‚î¨‚î¥‚î¨‚î¥‚î¨‚î¥‚î¨‚î¥‚î¨‚î¥‚î¨‚î¥‚î¨‚î¥‚î¨‚î¥‚î¨‚î¥‚î¨‚î¥‚î¨‚î¥‚î¨‚î¥‚î¨‚î¥‚î¨‚î¥‚î¨‚î¥‚î¨‚î¥‚î¨‚î§ ‚îú‚î¥‚î¨‚î¥‚î¨‚î¥‚î¨‚î¥‚î¨‚î¥‚î¨‚î¥‚î¨‚î¥‚î¨‚î¥‚î¨‚î¥‚î¨‚î¥‚î¨‚î¥‚î¨‚î¥‚î¨‚î¥‚î¨‚î¥‚î¨‚î¥‚î¨‚î¥‚î¨‚î¥‚î¨‚î§ ‚îú‚î¥‚î¨‚î¥‚î¨‚î¥‚î¨‚î¥‚î¨‚î¥‚î¨‚î¥‚î¨‚î¥‚î¨‚î¥‚î¨‚î¥‚î¨‚î¥‚î¨‚î¥‚î¨‚î¥‚î¨‚î¥‚î¨‚î¥‚î¨‚î¥‚î¨‚î¥‚î¨‚î¥‚î¨‚î§ ‚îú‚î¥‚î¨‚î¥‚î¨‚î¥‚î¨‚î¥‚î¨‚î¥‚î¨‚î¥‚î¨‚î¥‚î¨‚î¥‚î¨‚î¥‚î¨‚î¥‚î¨‚î¥‚î¨‚î¥‚î¨‚î¥‚î¨‚î¥‚î¨‚î¥‚î¨‚î¥‚î¨‚î¥‚î¨‚î§ ‚îú‚î¥‚î¨‚î¥‚î¨‚î¥‚î¨‚î¥‚î¨‚î¥‚î¨‚î¥‚î¨‚î¥‚î¨‚î¥‚î¨‚î¥‚î¨‚î¥‚î¨‚î¥‚î¨‚î¥‚î¨‚î¥‚î¨‚î¥‚î¨‚î¥‚î¨‚î¥‚î¨‚î¥‚î¨‚î§ ‚îú‚î¥‚î¨‚î¥‚î¨‚î¥‚î¨‚î¥‚î¨‚î¥‚î¨‚î¥‚î¨‚î¥‚î¨‚î¥‚î¨‚î¥‚î¨‚î¥‚î¨‚î¥‚î¨‚î¥‚î¨‚î¥‚î¨‚î¥‚î¨‚î¥‚î¨‚î¥‚î¨‚î¥‚î¨‚î§ ‚îú‚î¥‚î¨‚î¥‚î¨‚î¥‚î¨‚î¥‚î¨‚î¥‚î¨‚î¥‚î¨‚î¥‚î¨‚î¥‚î¨‚î¥‚î¨‚î¥‚î¨‚î¥‚î¨‚î¥‚î¨‚î¥‚î¨‚î¥‚î¨‚î¥‚î¨‚î¥‚î¨‚î¥‚î¨‚î§ ‚îú‚î¥‚î¨‚î¥‚î¨‚î¥‚î¨‚î¥‚î¨‚î¥‚î¨‚î¥‚î¨‚î¥‚î¨‚î¥‚î¨‚î¥‚î¨‚î¥‚î¨‚î¥‚î¨‚î¥‚î¨‚î¥‚î¨‚î¥‚î¨‚î¥‚î¨‚î¥‚î¨‚î¥‚î¨‚î§ ‚îú‚î¥‚î¨‚î¥‚î¨‚î¥‚î¨‚î¥‚î¨‚î¥‚î¨‚î¥‚î¨‚î¥‚î¨‚î¥‚î¨‚î¥‚î¨‚î¥‚î¨‚î¥‚î¨‚î¥‚î¨‚î¥‚î¨‚î¥‚î¨‚î¥‚î¨‚î¥‚î¨‚î¥‚î¨‚î§ ‚îú‚î¥‚î¨‚î¥‚î¨‚î¥‚î¨‚î¥‚î¨‚î¥‚î¨‚î¥‚î¨‚î¥‚î¨‚î¥‚î¨‚î¥‚î¨‚î¥‚î¨‚î¥‚î¨‚î¥‚î¨‚î¥‚î¨‚î¥‚î¨‚î¥‚î¨‚î¥‚î¨‚î¥‚î¨‚î§ ‚îú‚î¥‚î¨‚î¥‚î¨‚î¥‚î¨‚î¥‚î¨‚î¥‚î¨‚î¥‚î¨‚î¥‚î¨‚î¥‚î¨‚î¥‚î¨‚î¥‚î¨‚î¥‚î¨‚î¥‚î¨‚î¥‚î¨‚î¥‚î¨‚î¥‚î¨‚î¥‚î¨‚î¥‚î¨‚î§ ‚îú‚î¥‚î¨‚î¥‚î¨‚î¥‚î¨‚î¥‚î¨‚î¥‚î¨‚î¥‚î¨‚î¥‚î¨‚î¥‚î¨‚î¥‚î¨‚î¥‚î¨‚î¥‚î¨‚î¥‚î¨‚î¥‚î¨‚î¥‚î¨‚î¥‚î¨‚î¥‚î¨‚î¥‚î¨‚î§ ‚îú‚î¥‚î¨‚î¥‚î¨‚î¥‚î¨‚î¥‚î¨‚î¥‚î¨‚î¥‚î¨‚î¥‚î¨‚î¥‚î¨‚î¥‚î¨‚î¥‚î¨‚î¥‚î¨‚î¥‚î¨‚î¥‚î¨‚î¥‚î¨‚î¥‚î¨‚î¥‚î¨‚î¥‚î¨‚î§ ‚îú‚î¥‚î¨‚î¥‚î¨‚î¥‚î¨‚î¥‚î¨‚î¥‚î¨‚î¥‚î¨‚î¥‚î¨‚î¥‚î¨‚î¥‚î¨‚î¥‚î¨‚î¥‚î¨‚î¥‚î¨‚î¥‚î¨‚î¥‚î¨‚î¥‚î¨‚î¥‚î¨‚î¥‚î¨‚î§ ‚îú‚î¥‚î¨‚î¥‚î¨‚î¥‚î¨‚î¥‚î¨‚î¥‚î¨‚î¥‚î¨‚î¥‚î¨‚î¥‚î¨‚î¥‚î¨‚î¥‚î¨‚î¥‚î¨‚î¥‚î¨‚î¥‚î¨‚î¥‚î¨‚î¥‚î¨‚î¥‚î¨‚î¥‚î¨‚î§ ‚îú‚î¥‚î¨‚î¥‚î¨‚î¥‚î¨‚î¥‚î¨‚î¥‚î¨‚î¥‚î¨‚î¥‚î¨‚î¥‚î¨‚î¥‚î¨‚î¥‚î¨‚î¥‚î¨‚î¥‚î¨‚î¥‚î¨‚î¥‚î¨‚î¥‚î¨‚î¥‚î¨‚î¥‚î¨‚î§ ‚îú‚î¥‚î¨‚î¥‚î¨‚î¥‚î¨‚î¥‚î¨‚î¥‚î¨‚î¥‚î¨‚î¥‚î¨‚î¥‚î¨‚î¥‚î¨‚î¥‚î¨‚î¥‚î¨‚î¥‚î¨‚î¥‚î¨‚î¥‚î¨‚î¥‚î¨‚î¥‚î¨‚î¥‚î¨‚î§ ‚îú‚î¥‚î¨‚î¥‚î¨‚î¥‚î¨‚î¥‚î¨‚î¥‚î¨‚î¥‚î¨‚î¥‚î¨‚î¥‚î¨‚î¥‚î¨‚î¥‚î¨‚î¥‚î¨‚î¥‚î¨‚î¥‚î¨‚î¥‚î¨‚î¥‚î¨‚î¥‚î¨‚î¥‚î¨‚î§ ‚îú‚î¥‚î¨‚î¥‚î¨‚î¥‚î¨‚î¥‚î¨‚î¥‚î¨‚î¥‚î¨‚î¥‚î¨‚î¥‚î¨‚î¥‚î¨‚î¥‚î¨‚î¥‚î¨‚î¥‚î¨‚î¥‚î¨‚î¥‚î¨‚î¥‚î¨‚î¥‚î¨‚î¥‚î¨‚î§ ‚îú‚î¥‚î¨‚î¥‚î¨‚î¥‚î¨‚î¥‚î¨‚î¥‚î¨‚î¥‚î¨‚î¥‚î¨‚î¥‚î¨‚î¥‚î¨‚î¥‚î¨‚î¥‚î¨‚î¥‚î¨‚î¥‚î¨‚î¥‚î¨‚î¥‚î¨‚î¥‚î¨‚î¥‚î¨‚î§ ‚îú‚î¥‚î¨‚î¥‚î¨‚î¥‚î¨‚î¥‚î¨‚î¥‚î¨‚î¥‚î¨‚î¥‚î¨‚î¥‚î¨‚î¥‚î¨‚î¥‚î¨‚î¥‚î¨‚î¥‚î¨‚î¥‚î¨‚î¥‚î¨‚î¥‚î¨‚î¥‚î¨‚î¥‚î¨‚î§ ‚îú‚î¥‚î¨‚î¥‚î¨‚î¥‚î¨‚î¥‚î¨‚î¥‚î¨‚î¥‚î¨‚î¥‚î¨‚î¥‚î¨‚î¥‚î¨‚î¥‚î¨‚î¥‚î¨‚î¥‚î¨‚î¥‚î¨‚î¥‚î¨‚î¥‚î¨‚î¥‚î¨‚î¥‚î¨‚î§ ‚îú‚î¥‚î¨‚î¥‚î¨‚î¥‚î¨‚î¥‚î¨‚î¥‚î¨‚î¥‚î¨‚î¥‚î¨‚î¥‚î¨‚î¥‚î¨‚î¥‚î¨‚î¥‚î¨‚î¥‚î¨‚î¥‚î¨‚î¥‚î¨‚î¥‚î¨‚î¥‚î¨‚î¥‚î¨‚î§ ‚îú‚î¥‚î¨‚î¥‚î¨‚î¥‚î¨‚î¥‚î¨‚î¥‚î¨‚î¥‚î¨‚î¥‚î¨‚î¥‚î¨‚î¥‚î¨‚î¥‚î¨‚î¥‚î¨‚î¥‚î¨‚î¥‚î¨‚î¥‚î¨‚î¥‚î¨‚î¥‚î¨‚î¥‚î¨‚î§ ‚îú‚î¥‚î¨‚î¥‚î¨‚î¥‚î¨‚î¥‚î¨‚î¥‚î¨‚î¥‚î¨‚î¥‚î¨‚î¥‚î¨‚î¥‚î¨‚î¥‚î¨‚î¥‚î¨‚î¥‚î¨‚î¥‚î¨‚î¥‚î¨‚î¥‚î¨‚î¥‚î¨‚î¥‚î¨‚î§ ‚îú‚î¥‚î¨‚î¥‚î¨‚î¥‚î¨‚î¥‚î¨‚î¥‚î¨‚î¥‚î¨‚î¥‚î¨‚î¥‚î¨‚î¥‚î¨‚î¥‚î¨‚î¥‚î¨‚î¥‚î¨‚î¥‚î¨‚î¥‚î¨‚î¥‚î¨‚î¥‚î¨‚î¥‚î¨‚î§ ‚îú‚î¥‚î¨‚î¥‚î¨‚î¥‚î¨‚î¥‚î¨‚î¥‚î¨‚î¥‚î¨‚î¥‚î¨‚î¥‚î¨‚î¥‚î¨‚î¥‚î¨‚î¥‚î¨‚î¥‚î¨‚î¥‚î¨‚î¥‚î¨‚î¥‚î¨‚î¥‚î¨‚î¥‚î¨‚î§ ‚îú‚î¥‚î¨‚î¥‚î¨‚î¥‚î¨‚î¥‚î¨‚î¥‚î¨‚î¥‚î¨‚î¥‚î¨‚î¥‚î¨‚î¥‚î¨‚î¥‚î¨‚î¥‚î¨‚î¥‚î¨‚î¥‚î¨‚î¥‚î¨‚î¥‚î¨‚î¥‚î¨‚î¥‚î¨‚î§ ‚îú‚î¥‚î¨‚î¥‚î¨‚î¥‚î¨‚î¥‚î¨‚î¥‚î¨‚î¥‚î¨‚î¥‚î¨‚î¥‚î¨‚î¥‚î¨‚î¥‚î¨‚î¥‚î¨‚î¥‚î¨‚î¥‚î¨‚î¥‚î¨‚î¥‚î¨‚î¥‚î¨‚î¥‚î¨‚î§ ‚îú‚î¥‚î¨‚î¥‚î¨‚î¥‚î¨‚î¥‚î¨‚î¥‚î¨‚î¥‚î¨‚î¥‚î¨‚î¥‚î¨‚î¥‚î¨‚î¥‚î¨‚î¥‚î¨‚î¥‚î¨‚î¥‚î¨‚î¥‚î¨‚î¥‚î¨‚î¥‚î¨‚î¥‚î¨‚î§ ‚îú‚î¥‚î¨‚î¥‚î¨‚î¥‚î¨‚î¥‚î¨‚î¥‚î¨‚î¥‚î¨‚î¥‚î¨‚î¥‚î¨‚î¥‚î¨‚î¥‚î¨‚î¥‚î¨‚î¥‚î¨‚î¥‚î¨‚î¥‚î¨‚î¥‚î¨‚î¥‚î¨‚î¥‚î¨‚î§ ‚îú‚î¥‚î¨‚î¥‚î¨‚î¥‚î¨‚î¥‚î¨‚î¥‚î¨‚î¥‚î¨‚î¥‚î¨‚î¥‚î¨‚î¥‚î¨‚î¥‚î¨‚î¥‚î¨‚î¥‚î¨‚î¥‚î¨‚î¥‚î¨‚î¥‚î¨‚î¥‚î¨‚î¥‚î¨‚î§ ‚îú‚î¥‚î¨‚î¥‚î¨‚î¥‚î¨‚î¥‚î¨‚î¥‚î¨‚î¥‚î¨‚î¥‚î¨‚î¥‚î¨‚î¥‚î¨‚î¥‚î¨‚î¥‚î¨‚î¥‚î¨‚î¥‚î¨‚î¥‚î¨‚î¥‚î¨‚î¥‚î¨‚î¥‚î¨‚î§ ‚îú‚î¥‚î¨‚î¥‚î¨‚î¥‚î¨‚î¥‚î¨‚î¥‚î¨‚î¥‚î¨‚î¥‚î¨‚î¥‚î¨‚î¥‚î¨‚î¥‚î¨‚î¥‚î¨‚î¥‚î¨‚î¥‚î¨‚î¥‚î¨‚î¥‚î¨‚î¥‚î¨‚î¥‚î¨‚î§ ‚îú‚î¥‚î¨‚î¥‚î¨‚î¥‚î¨‚î¥‚î¨‚î¥‚î¨‚î¥‚î¨‚î¥‚î¨‚î¥‚î¨‚î¥‚î¨‚î¥‚î¨‚î¥‚î¨‚î¥‚î¨‚î¥‚î¨‚î¥‚î¨‚î¥‚î¨‚î¥‚î¨‚î¥‚î¨‚î§ ‚îú‚î¥‚î¨‚î¥‚î¨‚î¥‚î¨‚î¥‚î¨‚î¥‚î¨‚î¥‚î¨‚î¥‚î¨‚î¥‚î¨‚î¥‚î¨‚î¥‚î¨‚î¥‚î¨‚î¥‚î¨‚î¥‚î¨‚î¥‚î¨‚î¥‚î¨‚î¥‚î¨‚î¥‚î¨‚î§ ‚îú‚î¥‚î¨‚î¥‚î¨‚î¥‚î¨‚î¥‚î¨‚î¥‚î¨‚î¥‚î¨‚î¥‚î¨‚î¥‚î¨‚î¥‚î¨‚î¥‚î¨‚î¥‚î¨‚î¥‚î¨‚î¥‚î¨‚î¥‚î¨‚î¥‚î¨‚î¥‚î¨‚î¥‚î¨‚î§ ‚îú‚î¥‚î¨‚î¥‚î¨‚î¥‚î¨‚î¥‚î¨‚î¥‚î¨‚î¥‚î¨‚î¥‚î¨‚î¥‚î¨‚î¥‚î¨‚î¥‚î¨‚î¥‚î¨‚î¥‚î¨‚î¥‚î¨‚î¥‚î¨‚î¥‚î¨‚î¥‚î¨‚î¥‚î¨‚î§ ‚îú‚î¥‚î¨‚î¥‚î¨‚î¥‚î¨‚î¥‚î¨‚î¥‚î¨‚î¥‚î¨‚î¥‚î¨‚î¥‚î¨‚î¥‚î¨‚î¥‚î¨‚î¥‚î¨‚î¥‚î¨‚î¥‚î¨‚î¥‚î¨‚î¥‚î¨‚î¥‚î¨‚î¥‚î¨‚î§ ‚îú‚î¥‚î¨‚î¥‚î¨‚î¥‚î¨‚î¥‚î¨‚î¥‚î¨‚î¥‚î¨‚î¥‚î¨‚î¥‚î¨‚î¥‚î¨‚î¥‚î¨‚î¥‚î¨‚î¥‚î¨‚î¥‚î¨‚î¥‚î¨‚î¥‚î¨‚î¥‚î¨‚î¥‚î¨‚î§ ‚îú‚î¥‚î¨‚î¥‚î¨‚î¥‚î¨‚î¥‚î¨‚î¥‚î¨‚î¥‚î¨‚î¥‚î¨‚î¥‚î¨‚î¥‚î¨‚î¥‚î¨‚î¥‚î¨‚î¥‚î¨‚î¥‚î¨‚î¥‚î¨‚î¥‚î¨‚î¥‚î¨‚î¥‚î¨‚î§ ‚îú‚î¥‚î¨‚î¥‚î¨‚î¥‚î¨‚î¥‚î¨‚î¥‚î¨‚î¥‚î¨‚î¥‚î¨‚î¥‚î¨‚î¥‚î¨‚î¥‚î¨‚î¥‚î¨‚î¥‚î¨‚î¥‚î¨‚î¥‚î¨‚î¥‚î¨‚î¥‚î¨‚î¥‚î¨‚î§ ‚îú‚î¥‚î¨‚î¥‚î¨‚î¥‚î¨‚î¥‚î¨‚î¥‚î¨‚î¥‚î¨‚î¥‚î¨‚î¥‚î¨‚î¥‚î¨‚î¥‚î¨‚î¥‚î¨‚î¥‚î¨‚î¥‚î¨‚î¥‚î¨‚î¥‚î¨‚î¥‚î¨‚î¥‚î¨‚î§ ‚îú‚î¥‚î¨‚î¥‚î¨‚î¥‚î¨‚î¥‚î¨‚î¥‚î¨‚î¥‚î¨‚î¥‚î¨‚î¥‚î¨‚î¥‚î¨‚î¥‚î¨‚î¥‚î¨‚î¥‚î¨‚î¥‚î¨‚î¥‚î¨‚î¥‚î¨‚î¥‚î¨‚î¥‚î¨‚î§ ‚îú‚î¥‚î¨‚î¥‚î¨‚î¥‚î¨‚î¥‚î¨‚î¥‚î¨‚î¥‚î¨‚î¥‚î¨‚î¥‚î¨‚î¥‚î¨‚î¥‚î¨‚î¥‚î¨‚î¥‚î¨‚î¥‚î¨‚î¥‚î¨‚î¥‚î¨‚î¥‚î¨‚î¥‚î¨‚î§ ‚îú‚î¥‚î¨‚î¥‚î¨‚î¥‚î¨‚î¥‚î¨‚î¥‚î¨‚î¥‚î¨‚î¥‚î¨‚î¥‚î¨‚î¥‚î¨‚î¥‚î¨‚î¥‚î¨‚î¥‚î¨‚î¥‚î¨‚î¥‚î¨‚î¥‚î¨‚î¥‚î¨‚î¥‚î¨‚î§ ‚îú‚î¥‚î¨‚î¥‚î¨‚î¥‚î¨‚î¥‚î¨‚î¥‚î¨‚î¥‚î¨‚î¥‚î¨‚î¥‚î¨‚î¥‚î¨‚î¥‚î¨‚î¥‚î¨‚î¥‚î¨‚î¥‚î¨‚î¥‚î¨‚î¥‚î¨‚î¥‚î¨‚î¥‚î¨‚î§ ‚îú‚î¥‚î¨‚î¥‚î¨‚î¥‚î¨‚î¥‚î¨‚î¥‚î¨‚î¥‚î¨‚î¥‚î¨‚î¥‚î¨‚î¥‚î¨‚î¥‚î¨‚î¥‚î¨‚î¥‚î¨‚î¥‚î¨‚î¥‚î¨‚î¥‚î¨‚î¥‚î¨‚î¥‚î¨‚î§ ‚îú‚î¥‚î¨‚î¥‚î¨‚î¥‚î¨‚î¥‚î¨‚î¥‚î¨‚î¥‚î¨‚î¥‚î¨‚î¥‚î¨‚î¥‚î¨‚î¥‚î¨‚î¥‚î¨‚î¥‚î¨‚î¥‚î¨‚î¥‚î¨‚î¥‚î¨‚î¥‚î¨‚î¥‚î¨‚î§ ‚îú‚î¥‚î¨‚î¥‚î¨‚î¥‚î¨‚î¥‚î¨‚î¥‚î¨‚î¥‚î¨‚î¥‚î¨‚î¥‚î¨‚î¥‚î¨‚î¥‚î¨‚î¥‚î¨‚î¥‚î¨‚î¥‚î¨‚î¥‚î¨‚î¥‚î¨‚î¥‚î¨‚î¥‚î¨‚î§ ‚îú‚î¥‚î¨‚î¥‚î¨‚î¥‚î¨‚î¥‚î¨‚î¥‚î¨‚î¥‚î¨‚î¥‚î¨‚î¥‚î¨‚î¥‚î¨‚î¥‚î¨‚î¥‚î¨‚î¥‚î¨‚î¥‚î¨‚î¥‚î¨‚î¥‚î¨‚î¥‚î¨‚î¥‚î¨‚î§ ‚îú‚î¥‚î¨‚î¥‚î¨‚î¥‚î¨‚î¥‚î¨‚î¥‚î¨‚î¥‚î¨‚î¥‚î¨‚î¥‚î¨‚î¥‚î¨‚î¥‚î¨‚î¥‚î¨‚î¥‚î¨‚î¥‚î¨‚î¥‚î¨‚î¥‚î¨‚î¥‚î¨‚î¥‚î¨‚î§ ‚îú‚î¥‚î¨‚î¥‚î¨‚î¥‚î¨‚î¥‚î¨‚î¥‚î¨‚î¥‚î¨‚î¥‚î¨‚î¥‚î¨‚î¥‚î¨‚î¥‚î¨‚î¥‚î¨‚î¥‚î¨‚î¥‚î¨‚î¥‚î¨‚î¥‚î¨‚î¥‚î¨‚î¥‚î¨‚î§ ‚îú‚î¥‚î¨‚î¥‚î¨‚î¥‚î¨‚î¥‚î¨‚î¥‚î¨‚î¥‚î¨‚î¥‚î¨‚î¥‚î¨‚î¥‚î¨‚î¥‚î¨‚î¥‚î¨‚î¥‚î¨‚î¥‚î¨‚î¥‚î¨‚î¥‚î¨‚î¥‚î¨‚î¥‚î¨‚î§ ‚îú‚î¥‚î¨‚î¥‚î¨‚î¥‚î¨‚î¥‚î¨‚î¥‚î¨‚î¥‚î¨‚î¥‚î¨‚î¥‚î¨‚î¥‚î¨‚î¥‚î¨‚î¥‚î¨‚î¥‚î¨‚î¥‚î¨‚î¥‚î¨‚î¥‚î¨‚î¥‚î¨‚î¥‚î¨‚î§ ‚îú‚î¥‚î¨‚î¥‚î¨‚î¥‚î¨‚î¥‚î¨‚î¥‚î¨‚î¥‚î¨‚î¥‚î¨‚î¥‚î¨‚î¥‚î¨‚î¥‚î¨‚î¥‚î¨‚î¥‚î¨‚î¥‚î¨‚î¥‚î¨‚î¥‚î¨‚î¥‚î¨‚î¥‚î¨‚î§ ‚îú‚î¥‚î¨‚î¥‚î¨‚î¥‚î¨‚î¥‚î¨‚î¥‚î¨‚î¥‚î¨‚î¥‚î¨‚î¥‚î¨‚î¥‚î¨‚î¥‚î¨‚î¥‚î¨‚î¥‚î¨‚î¥‚î¨‚î¥‚î¨‚î¥‚î¨‚î¥‚î¨‚î¥‚î¨‚î§ ‚îú‚î¥‚î¨‚î¥‚î¨‚î¥‚î¨‚î¥‚î¨‚î¥‚î¨‚î¥‚î¨‚î¥‚î¨‚î¥‚î¨‚î¥‚î¨‚î¥‚î¨‚î¥‚î¨‚î¥‚î¨‚î¥‚î¨‚î¥‚î¨‚î¥‚î¨‚î¥‚î¨‚î¥‚î¨‚î§ ‚îú‚î¥‚î¨‚î¥‚î¨‚î¥‚î¨‚î¥‚î¨‚î¥‚î¨‚î¥‚î¨‚î¥‚î¨‚î¥‚î¨‚î¥‚î¨‚î¥‚î¨‚î¥‚î¨‚î¥‚î¨‚î¥‚î¨‚î¥‚î¨‚î¥‚î¨‚î¥‚î¨‚î¥‚î¨‚î§ ‚îú‚î¥‚î¨‚î¥‚î¨‚î¥‚î¨‚î¥‚î¨‚î¥‚î¨‚î¥‚î¨‚î¥‚î¨‚î¥‚î¨‚î¥‚î¨‚î¥‚î¨‚î¥‚î¨‚î¥‚î¨‚î¥‚î¨‚î¥‚î¨‚î¥‚î¨‚î¥‚î¨‚î¥‚î¨‚î§ ‚îú‚î¥‚î¨‚î¥‚î¨‚î¥‚î¨‚î¥‚î¨‚î¥‚î¨‚î¥‚î¨‚î¥‚î¨‚î¥‚î¨‚î¥‚î¨‚î¥‚î¨‚î¥‚î¨‚î¥‚î¨‚î¥‚î¨‚î¥‚î¨‚î¥‚î¨‚î¥‚î¨‚î¥‚î¨‚î§ ‚îú‚î¥‚î¨‚î¥‚î¨‚î¥‚î¨‚î¥‚î¨‚î¥‚î¨‚î¥‚î¨‚î¥‚î¨‚î¥‚î¨‚î¥‚î¨‚î¥‚î¨‚î¥‚î¨‚î¥‚î¨‚î¥‚î¨‚î¥‚î¨‚î¥‚î¨‚î¥‚î¨‚î¥‚î¨‚î§ ‚îú‚î¥‚î¨‚î¥‚î¨‚î¥‚î¨‚î¥‚î¨‚î¥‚î¨‚î¥‚î¨‚î¥‚î¨‚î¥‚î¨‚î¥‚î¨‚î¥‚î¨‚î¥‚î¨‚î¥‚î¨‚î¥‚î¨‚î¥‚î¨‚î¥‚î¨‚î¥‚î¨‚î¥‚î¨‚î§ ‚îú‚î¥‚î¨‚î¥‚î¨‚î¥‚î¨‚î¥‚î¨‚î¥‚î¨‚î¥‚î¨‚î¥‚î¨‚î¥‚î¨‚î¥‚î¨‚î¥‚î¨‚î¥‚î¨‚î¥‚î¨‚î¥‚î¨‚î¥‚î¨‚î¥‚î¨‚î¥‚î¨‚î¥‚î¨‚î§ ‚îú‚î¥‚î¨‚î¥‚î¨‚î¥‚î¨‚î¥‚î¨‚î¥‚î¨‚î¥‚î¨‚î¥‚î¨‚î¥‚î¨‚î¥‚î¨‚î¥‚î¨‚î¥‚î¨‚î¥‚î¨‚î¥‚î¨‚î¥‚î¨‚î¥‚î¨‚î¥‚î¨‚î¥‚î¨‚î§ ‚îú‚î¥‚î¨‚î¥‚î¨‚î¥‚î¨‚î¥‚î¨‚î¥‚î¨‚î¥‚î¨‚î¥‚î¨‚î¥‚î¨‚î¥‚î¨‚î¥‚î¨‚î¥‚î¨‚î¥‚î¨‚î¥‚î¨‚î¥‚î¨‚î¥‚î¨‚î¥‚î¨‚î¥‚î¨‚î§ ‚îú‚î¥‚î¨‚î¥‚î¨‚î¥‚î¨‚î¥‚î¨‚î¥‚î¨‚î¥‚î¨‚î¥‚î¨‚î¥‚î¨‚î¥‚î¨‚î¥‚î¨‚î¥‚î¨‚î¥‚î¨‚î¥‚î¨‚î¥‚î¨‚î¥‚î¨‚î¥‚î¨‚î¥‚î¨‚î§ ‚îú‚î¥‚î¨‚î¥‚î¨‚î¥‚î¨‚î¥‚î¨‚î¥‚î¨‚î¥‚î¨‚î¥‚î¨‚î¥‚î¨‚î¥‚î¨‚î¥‚î¨‚î¥‚î¨‚î¥‚î¨‚î¥‚î¨‚î¥‚î¨‚î¥‚î¨‚î¥‚î¨‚î¥‚î¨‚î§ ‚îú‚î¥‚î¨‚î¥‚î¨‚î¥‚î¨‚î¥‚î¨‚î¥‚î¨‚î¥‚î¨‚î¥‚î¨‚î¥‚î¨‚î¥‚î¨‚î¥‚î¨‚î¥‚î¨‚î¥‚î¨‚î¥‚î¨‚î¥‚î¨‚î¥‚î¨‚î¥‚î¨‚î¥‚î¨‚î§ ‚îú‚î¥‚î¨‚î¥‚î¨‚î¥‚î¨‚î¥‚î¨‚î¥‚î¨‚î¥‚î¨‚î¥‚î¨‚î¥‚î¨‚î¥‚î¨‚î¥‚î¨‚î¥‚î¨‚î¥‚î¨‚î¥‚î¨‚î¥‚î¨‚î¥‚î¨‚î¥‚î¨‚î¥‚î¨‚î§ ‚îú‚î¥‚î¨‚î¥‚î¨‚î¥‚î¨‚î¥‚î¨‚î¥‚î¨‚î¥‚î¨‚î¥‚î¨‚î¥‚î¨‚î¥‚î¨‚î¥‚î¨‚î¥‚î¨‚î¥‚î¨‚î¥‚î¨‚î¥‚î¨‚î¥‚î¨‚î¥‚î¨‚î¥‚î¨‚î§ ‚îú‚î¥‚î¨‚î¥‚î¨‚î¥‚î¨‚î¥‚î¨‚î¥‚î¨‚î¥‚î¨‚î¥‚î¨‚î¥‚î¨‚î¥‚î¨‚î¥‚î¨‚î¥‚î¨‚î¥‚î¨‚î¥‚î¨‚î¥‚î¨‚î¥‚î¨‚î¥‚î¨‚î¥‚î¨‚î§ ‚îú‚î¥‚î¨‚î¥‚î¨‚î¥‚î¨‚î¥‚î¨‚î¥‚î¨‚î¥‚î¨‚î¥‚î¨‚î¥‚î¨‚î¥‚î¨‚î¥‚î¨‚î¥‚î¨‚î¥‚î¨‚î¥‚î¨‚î¥‚î¨‚î¥‚î¨‚î¥‚î¨‚î¥‚î¨‚î§ ‚îú‚î¥‚î¨‚î¥‚î¨‚î¥‚î¨‚î¥‚î¨‚î¥‚î¨‚î¥‚î¨‚î¥‚î¨‚î¥‚î¨‚î¥‚î¨‚î¥‚î¨‚î¥‚î¨‚î¥‚î¨‚î¥‚î¨‚î¥‚î¨‚î¥‚î¨‚î¥‚î¨‚î¥‚î¨‚î§ ‚îú‚î¥‚î¨‚î¥‚î¨‚î¥‚î¨‚î¥‚î¨‚î¥‚î¨‚î¥‚î¨‚î¥‚î¨‚î¥‚î¨‚î¥‚î¨‚î¥‚î¨‚î¥‚î¨‚î¥‚î¨‚î¥‚î¨‚î¥‚î¨‚î¥‚î¨‚î¥‚î¨‚î¥‚î¨‚î§ ‚îú‚î¥‚î¨‚î¥‚î¨‚î¥‚î¨‚î¥‚î¨‚î¥‚î¨‚î¥‚î¨‚î¥‚î¨‚î¥‚î¨‚î¥‚î¨‚î¥‚î¨‚î¥‚î¨‚î¥‚î¨‚î¥‚î¨‚î¥‚î¨‚î¥‚î¨‚î¥‚î¨‚î¥‚î¨‚î§ ‚îú‚î¥‚î¨‚î¥‚î¨‚î¥‚î¨‚î¥‚î¨‚î¥‚î¨‚î¥‚î¨‚î¥‚î¨‚î¥‚î¨‚î¥‚î¨‚î¥‚î¨‚î¥‚î¨‚î¥‚î¨‚î¥‚î¨‚î¥‚î¨‚î¥‚î¨‚î¥‚î¨‚î¥‚î¨‚î§ ‚îú‚î¥‚î¨‚î¥‚î¨‚î¥‚î¨‚î¥‚î¨‚î¥‚î¨‚î¥‚î¨‚î¥‚î¨‚î¥‚î¨‚î¥‚î¨‚î¥‚î¨‚î¥‚î¨‚î¥‚î¨‚î¥‚î¨‚î¥‚î¨‚î¥‚î¨‚î¥‚î¨‚î¥‚î¨‚î§ ‚îú‚î¥‚î¨‚î¥‚î¨‚î¥‚î¨‚î¥‚î¨‚î¥‚î¨‚î¥‚î¨‚î¥‚î¨‚î¥‚î¨‚î¥‚î¨‚î¥‚î¨‚î¥‚î¨‚î¥‚î¨‚î¥‚î¨‚î¥‚î¨‚î¥‚î¨‚î¥‚î¨‚î¥‚î¨‚î§ ‚îú‚î¥‚î¨‚î¥‚î¨‚î¥‚î¨‚î¥‚î¨‚î¥‚î¨‚î¥‚î¨‚î¥‚î¨‚î¥‚î¨‚î¥‚î¨‚î¥‚î¨‚î¥‚î¨‚î¥‚î¨‚î¥‚î¨‚î¥‚î¨‚î¥‚î¨‚î¥‚î¨‚î¥‚î¨‚î§ ‚îú‚î¥‚î¨‚î¥‚î¨‚î¥‚î¨‚î¥‚î¨‚î¥‚î¨‚î¥‚î¨‚î¥‚î¨‚î¥‚î¨‚î¥‚î¨‚î¥‚î¨‚î¥‚î¨‚î¥‚î¨‚î¥‚î¨‚î¥‚î¨‚î¥‚î¨‚î¥‚î¨‚î¥‚î¨‚î§ ‚îú‚î¥‚î¨‚î¥‚î¨‚î¥‚î¨‚î¥‚î¨‚î¥‚î¨‚î¥‚î¨‚î¥‚î¨‚î¥‚î¨‚î¥‚î¨‚î¥‚î¨‚î¥‚î¨‚î¥‚î¨‚î¥‚î¨‚î¥‚î¨‚î¥‚î¨‚î¥‚î¨‚î¥‚î¨‚î§ ‚îú‚î¥‚î¨‚î¥‚î¨‚î¥‚î¨‚î¥‚î¨‚î¥‚î¨‚î¥‚î¨‚î¥‚î¨‚î¥‚î¨‚î¥‚î¨‚î¥‚î¨‚î¥‚î¨‚î¥‚î¨‚î¥‚î¨‚î¥‚î¨‚î¥‚î¨‚î¥‚î¨‚î¥‚î¨‚î§ ‚îú‚î¥‚î¨‚î¥‚î¨‚î¥‚î¨‚î¥‚î¨‚î¥‚î¨‚î¥‚î¨‚î¥‚î¨‚î¥‚î¨‚î¥‚î¨‚î¥‚î¨‚î¥‚î¨‚î¥‚î¨‚î¥‚î¨‚î¥‚î¨‚î¥‚î¨‚î¥‚î¨‚î¥‚î¨‚î§ ‚îú‚î¥‚î¨‚î¥‚î¨‚î¥‚î¨‚î¥‚î¨‚î¥‚î¨‚î¥‚î¨‚î¥‚î¨‚î¥‚î¨‚î¥‚î¨‚î¥‚î¨‚î¥‚î¨‚î¥‚î¨‚î¥‚î¨‚î¥‚î¨‚î¥‚î¨‚î¥‚î¨‚î¥‚î¨‚î§ ‚îú‚î¥‚î¨‚î¥‚î¨‚î¥‚î¨‚î¥‚î¨‚î¥‚î¨‚î¥‚î¨‚î¥‚î¨‚î¥‚î¨‚î¥‚î¨‚î¥‚î¨‚î¥‚î¨‚î¥‚î¨‚î¥‚î¨‚î¥‚î¨‚î¥‚î¨‚î¥‚î¨‚î¥‚î¨‚î§ ‚îú‚î¥‚î¨‚î¥‚î¨‚î¥‚î¨‚î¥‚î¨‚î¥‚î¨‚î¥‚î¨‚î¥‚î¨‚î¥‚î¨‚î¥‚î¨‚î¥‚î¨‚î¥‚î¨‚î¥‚î¨‚î¥‚î¨‚î¥‚î¨‚î¥‚î¨‚î¥‚î¨‚î¥‚î¨‚î§ ‚îú‚î¥‚î¨‚î¥‚î¨‚î¥‚î¨‚î¥‚î¨‚î¥‚î¨‚î¥‚î¨‚î¥‚î¨‚î¥‚î¨‚î¥‚î¨‚î¥‚î¨‚î¥‚î¨‚î¥‚î¨‚î¥‚î¨‚î¥‚î¨‚î¥‚î¨‚î¥‚î¨‚î¥‚î¨‚î§ ‚îú‚î¥‚î¨‚î¥‚î¨‚î¥‚î¨‚î¥‚î¨‚î¥‚î¨‚î¥‚î¨‚î¥‚î¨‚î¥‚î¨‚î¥‚î¨‚î¥‚î¨‚î¥‚î¨‚î¥‚î¨‚î¥‚î¨‚î¥‚î¨‚î¥‚î¨‚î¥‚î¨‚î¥‚î¨‚î§ ‚îú‚î¥‚î¨‚î¥‚î¨‚î¥‚î¨‚î¥‚î¨‚î¥‚î¨‚î¥‚î¨‚î¥‚î¨‚î¥‚î¨‚î¥‚î¨‚î¥‚î¨‚î¥‚î¨‚î¥‚î¨‚î¥‚î¨‚î¥‚î¨‚î¥‚î¨‚î¥‚î¨‚î¥‚î¨‚î§ ‚îú‚î¥‚î¨‚î¥‚î¨‚î¥‚î¨‚î¥‚î¨‚î¥‚î¨‚î¥‚î¨‚î¥‚î¨‚î¥‚î¨‚î¥‚î¨‚î¥‚î¨‚î¥‚î¨‚î¥‚î¨‚î¥‚î¨‚î¥‚î¨‚î¥‚î¨‚î¥‚î¨‚î¥‚î¨‚î§ ‚îú‚î¥‚î¨‚î¥‚î¨‚î¥‚î¨‚î¥‚î¨‚î¥‚î¨‚î¥‚î¨‚î¥‚î¨‚î¥‚î¨‚î¥‚î¨‚î¥‚î¨‚î¥‚î¨‚î¥‚î¨‚î¥‚î¨‚î¥‚î¨‚î¥‚î¨‚î¥‚î¨‚î¥‚î¨‚î§ ‚îú‚î¥‚î¨‚î¥‚î¨‚î¥‚î¨‚î¥‚î¨‚î¥‚î¨‚î¥‚î¨‚î¥‚î¨‚î¥‚î¨‚î¥‚î¨‚î¥‚î¨‚î¥‚î¨‚î¥‚î¨‚î¥‚î¨‚î¥‚î¨‚î¥‚î¨‚î¥‚î¨‚î¥‚î¨‚î§ ‚îú‚î¥‚î¨‚î¥‚î¨‚î¥‚î¨‚î¥‚î¨‚î¥‚î¨‚î¥‚î¨‚î¥‚î¨‚î¥‚î¨‚î¥‚î¨‚î¥‚î¨‚î¥‚î¨‚î¥‚î¨‚î¥‚î¨‚î¥‚î¨‚î¥‚î¨‚î¥‚î¨‚î¥‚î¨‚î§ ‚îú‚î¥‚î¨‚î¥‚î¨‚î¥‚î¨‚î¥‚î¨‚î¥‚î¨‚î¥‚î¨‚î¥‚î¨‚î¥‚î¨‚î¥‚î¨‚î¥‚î¨‚î¥‚î¨‚î¥‚î¨‚î¥‚î¨‚î¥‚î¨‚î¥‚î¨‚î¥‚î¨‚î¥‚î¨‚î§ ‚îú‚î¥‚î¨‚î¥‚î¨‚î¥‚î¨‚î¥‚î¨‚î¥‚î¨‚î¥‚î¨‚î¥‚î¨‚î¥‚î¨‚î¥‚î¨‚î¥‚î¨‚î¥‚î¨‚î¥‚î¨‚î¥‚î¨‚î¥‚î¨‚î¥‚î¨‚î¥‚î¨‚î¥‚î¨‚î§ ‚îú‚î¥‚î¨‚î¥‚î¨‚î¥‚î¨‚î¥‚î¨‚î¥‚î¨‚î¥‚î¨‚î¥‚î¨‚î¥‚î¨‚î¥‚î¨‚î¥‚î¨‚î¥‚î¨‚î¥‚î¨‚î¥‚î¨‚î¥‚î¨‚î¥‚î¨‚î¥‚î¨‚î¥‚î¨‚î§ ‚îú‚î¥‚î¨‚î¥‚î¨‚î¥‚î¨‚î¥‚î¨‚î¥‚î¨‚î¥‚î¨‚î¥‚î¨‚î¥‚î¨‚î¥‚î¨‚î¥‚î¨‚î¥‚î¨‚î¥‚î¨‚î¥‚î¨‚î¥‚î¨‚î¥‚î¨‚î¥‚î¨‚î¥‚î¨‚î§ ‚îú‚î¥‚î¨‚î¥‚î¨‚î¥‚î¨‚î¥‚î¨‚î¥‚î¨‚î¥‚î¨‚î¥‚î¨‚î¥‚î¨‚î¥‚î¨‚î¥‚î¨‚î¥‚î¨‚î¥‚î¨‚î¥‚î¨‚î¥‚î¨‚î¥‚î¨‚î¥‚î¨‚î¥‚î¨‚î§ ‚îú‚î¥‚î¨‚î¥‚î¨‚î¥‚î¨‚î¥‚î¨‚î¥‚î¨‚î¥‚î¨‚î¥‚î¨‚î¥‚î¨‚î¥‚î¨‚î¥‚î¨‚î¥‚î¨‚î¥‚î¨‚î¥‚î¨‚î¥‚î¨‚î¥‚î¨‚î¥‚î¨‚î¥‚î¨‚î§ ‚îú‚î¥‚î¨‚î¥‚î¨‚î¥‚î¨‚î¥‚î¨‚î¥‚î¨‚î¥‚î¨‚î¥‚î¨‚î¥‚î¨‚î¥‚î¨‚î¥‚î¨‚î¥‚î¨‚î¥‚î¨‚î¥‚î¨‚î¥‚î¨‚î¥‚î¨‚î¥‚î¨‚î¥‚î¨‚î§ ‚îú‚î¥‚î¨‚î¥‚î¨‚î¥‚î¨‚î¥‚î¨‚î¥‚î¨‚î¥‚î¨‚î¥‚î¨‚î¥‚î¨‚î¥‚î¨‚î¥‚î¨‚î¥‚î¨‚î¥‚î¨‚î¥‚î¨‚î¥‚î¨‚î¥‚î¨‚î¥‚î¨‚î¥‚î¨‚î§ ‚îú‚î¥‚î¨‚î¥‚î¨‚î¥‚î¨‚î¥‚î¨‚î¥‚î¨‚î¥‚î¨‚î¥‚î¨‚î¥‚î¨‚î¥‚î¨‚î¥‚î¨‚î¥‚î¨‚î¥‚î¨‚î¥‚î¨‚î¥‚î¨‚î¥‚î¨‚î¥‚î¨‚î¥‚î¨‚î§ ‚îú‚î¥‚î¨‚î¥‚î¨‚î¥‚î¨‚î¥‚î¨‚î¥‚î¨‚î¥‚î¨‚î¥‚î¨‚î¥‚î¨‚î¥‚î¨‚î¥‚î¨‚î¥‚î¨‚î¥‚î¨‚î¥‚î¨‚î¥‚î¨‚î¥‚î¨‚î¥‚î¨‚î¥‚î¨‚î§ ‚îú‚î¥‚î¨‚î¥‚î¨‚î¥‚î¨‚î¥‚î¨‚î¥‚î¨‚î¥‚î¨‚î¥‚î¨‚î¥‚î¨‚î¥‚î¨‚î¥‚î¨‚î¥‚î¨‚î¥‚î¨‚î¥‚î¨‚î¥‚î¨‚î¥‚î¨‚î¥‚î¨‚î¥‚î¨‚î§ ‚îú‚î¥‚î¨‚î¥‚î¨‚î¥‚î¨‚î¥‚î¨‚î¥‚î¨‚î¥‚î¨‚î¥‚î¨‚î¥‚î¨‚î¥‚î¨‚î¥‚î¨‚î¥‚î¨‚î¥‚î¨‚î¥‚î¨‚î¥‚î¨‚î¥‚î¨‚î¥‚î¨‚î¥‚î¨‚î§ ‚îú‚î¥‚î¨‚î¥‚î¨‚î¥‚î¨‚î¥‚î¨‚î¥‚î¨‚î¥‚î¨‚î¥‚î¨‚î¥‚î¨‚î¥‚î¨‚î¥‚î¨‚î¥‚î¨‚î¥‚î¨‚î¥‚î¨‚î¥‚î¨‚î¥‚î¨‚î¥‚î¨‚î¥‚î¨‚î§ ‚îú‚î¥‚î¨‚î¥‚î¨‚î¥‚î¨‚î¥‚î¨‚î¥‚î¨‚î¥‚î¨‚î¥‚î¨‚î¥‚î¨‚î¥‚î¨‚î¥‚î¨‚î¥‚î¨‚î¥‚î¨‚î¥‚î¨‚î¥‚î¨‚î¥‚î¨‚î¥‚î¨‚î¥‚î¨‚î§ ‚îú‚î¥‚î¨‚î¥‚î¨‚î¥‚î¨‚î¥‚î¨‚î¥‚î¨‚î¥‚î¨‚î¥‚î¨‚î¥‚î¨‚î¥‚î¨‚î¥‚î¨‚î¥‚î¨‚î¥‚î¨‚î¥‚î¨‚î¥‚î¨‚î¥‚î¨‚î¥‚î¨‚î¥‚î¨‚î§ ‚îú‚î¥‚î¨‚î¥‚î¨‚î¥‚î¨‚î¥‚î¨‚î¥‚î¨‚î¥‚î¨‚î¥‚î¨‚î¥‚î¨‚î¥‚î¨‚î¥‚î¨‚î¥‚î¨‚î¥‚î¨‚î¥‚î¨‚î¥‚î¨‚î¥‚î¨‚î¥‚î¨‚î¥‚î¨‚î§ ‚îú‚î¥‚î¨‚î¥‚î¨‚î¥‚î¨‚î¥‚î¨‚î¥‚î¨‚î¥‚î¨‚î¥‚î¨‚î¥‚î¨‚î¥‚î¨‚î¥‚î¨‚î¥‚î¨‚î¥‚î¨‚î¥‚î¨‚î¥‚î¨‚î¥‚î¨‚î¥‚î¨‚î¥‚î¨‚î§ ‚îú‚î¥‚î¨‚î¥‚î¨‚î¥‚î¨‚î¥‚î¨‚î¥‚î¨‚î¥‚î¨‚î¥‚î¨‚î¥‚î¨‚î¥‚î¨‚î¥‚î¨‚î¥‚î¨‚î¥‚î¨‚î¥‚î¨‚î¥‚î¨‚î¥‚î¨‚î¥‚î¨‚î¥‚î¨‚î§ ‚îú‚î¥‚î¨‚î¥‚î¨‚î¥‚î¨‚î¥‚î¨‚î¥‚î¨‚î¥‚î¨‚î¥‚î¨‚î¥‚î¨‚î¥‚î¨‚î¥‚î¨‚î¥‚î¨‚î¥‚î¨‚î¥‚î¨‚î¥‚î¨‚î¥‚î¨‚î¥‚î¨‚î¥‚î¨‚î§ ‚îú‚î¥‚î¨‚î¥‚î¨‚î¥‚î¨‚î¥‚î¨‚î¥‚î¨‚î¥‚î¨‚î¥‚î¨‚î¥‚î¨‚î¥‚î¨‚î¥‚î¨‚î¥‚î¨‚î¥‚î¨‚î¥‚î¨‚î¥‚î¨‚î¥‚î¨‚î¥‚î¨‚î¥‚î¨‚î§ ‚îú‚î¥‚î¨‚î¥‚î¨‚î¥‚î¨‚î¥‚î¨‚î¥‚î¨‚î¥‚î¨‚î¥‚î¨‚î¥‚î¨‚î¥‚î¨‚î¥‚î¨‚î¥‚î¨‚î¥‚î¨‚î¥‚î¨‚î¥‚î¨‚î¥‚î¨‚î¥‚î¨‚î¥‚î¨‚î§ ‚îú‚î¥‚î¨‚î¥‚î¨‚î¥‚î¨‚î¥‚î¨‚î¥‚î¨‚î¥‚î¨‚î¥‚î¨‚î¥‚î¨‚î¥‚î¨‚î¥‚î¨‚î¥‚î¨‚î¥‚î¨‚î¥‚î¨‚î¥‚î¨‚î¥‚î¨‚î¥‚î¨‚î¥‚î¨‚î§ ‚îú‚î¥‚î¨‚î¥‚î¨‚î¥‚î¨‚î¥‚î¨‚î¥‚î¨‚î¥‚î¨‚î¥‚î¨‚î¥‚î¨‚î¥‚î¨‚î¥‚î¨‚î¥‚î¨‚î¥‚î¨‚î¥‚î¨‚î¥‚î¨‚î¥‚î¨‚î¥‚î¨‚î¥‚î¨‚î§ ‚îú‚î¥‚î¨‚î¥‚î¨‚î¥‚î¨‚î¥‚î¨‚î¥‚î¨‚î¥‚î¨‚î¥‚î¨‚î¥‚î¨‚î¥‚î¨‚î¥‚î¨‚î¥‚î¨‚î¥‚î¨‚î¥‚î¨‚î¥‚î¨‚î¥‚î¨‚î¥‚î¨‚î¥‚î¨‚î§ ‚îú‚î¥‚î¨‚î¥‚î¨‚î¥‚î¨‚î¥‚î¨‚î¥‚î¨‚î¥‚î¨‚î¥‚î¨‚î¥‚î¨‚î¥‚î¨‚î¥‚î¨‚î¥‚î¨‚î¥‚î¨‚î¥‚î¨‚î¥‚î¨‚î¥‚î¨‚î¥‚î¨‚î¥‚î¨‚î§ ‚îú‚î¥‚î¨‚î¥‚î¨‚î¥‚î¨‚î¥‚î¨‚î¥‚î¨‚î¥‚î¨‚î¥‚î¨‚î¥‚î¨‚î¥‚î¨‚î¥‚î¨‚î¥‚î¨‚î¥‚î¨‚î¥‚î¨‚î¥‚î¨‚î¥‚î¨‚î¥‚î¨‚î¥‚î¨‚î§ ‚îú‚î¥‚î¨‚î¥‚î¨‚î¥‚î¨‚î¥‚î¨‚î¥‚î¨‚î¥‚î¨‚î¥‚î¨‚î¥‚î¨‚î¥‚î¨‚î¥‚î¨‚î¥‚î¨‚î¥‚î¨‚î¥‚î¨‚î¥‚î¨‚î¥‚î¨‚î¥‚î¨‚î¥‚î¨‚î§ ‚îú‚î¥‚î¨‚î¥‚î¨‚î¥‚î¨‚î¥‚î¨‚î¥‚î¨‚î¥‚î¨‚î¥‚î¨‚î¥‚î¨‚î¥‚î¨‚î¥‚î¨‚î¥‚î¨‚î¥‚î¨‚î¥‚î¨‚î¥‚î¨‚î¥‚î¨‚î¥‚î¨‚î¥‚î¨‚î§ ‚îú‚î¥‚î¨‚î¥‚î¨‚î¥‚î¨‚î¥‚î¨‚î¥‚î¨‚î¥‚î¨‚î¥‚î¨‚î¥‚î¨‚î¥‚î¨‚î¥‚î¨‚î¥‚î¨‚î¥‚î¨‚î¥‚î¨‚î¥‚î¨‚î¥‚î¨‚î¥‚î¨‚î¥‚î¨‚î§ ‚îú‚î¥‚î¨‚î¥‚î¨‚î¥‚î¨‚î¥‚î¨‚î¥‚î¨‚î¥‚î¨‚î¥‚î¨‚î¥‚î¨‚î¥‚î¨‚î¥‚î¨‚î¥‚î¨‚î¥‚î¨‚î¥‚î¨‚î¥‚î¨‚î¥‚î¨‚î¥‚î¨‚î¥‚î¨‚î§ ‚îú‚î¥‚î¨‚î¥‚î¨‚î¥‚î¨‚î¥‚î¨‚î¥‚î¨‚î¥‚î¨‚î¥‚î¨‚î¥‚î¨‚î¥‚î¨‚î¥‚î¨‚î¥‚î¨‚î¥‚î¨‚î¥‚î¨‚î¥‚î¨‚î¥‚î¨‚î¥‚î¨‚î¥‚î¨‚î§ ‚îú‚î¥‚î¨‚î¥‚î¨‚î¥‚î¨‚î¥‚î¨‚î¥‚î¨‚î¥‚î¨‚î¥‚î¨‚î¥‚î¨‚î¥‚î¨‚î¥‚î¨‚î¥‚î¨‚î¥‚î¨‚î¥‚î¨‚î¥‚î¨‚î¥‚î¨‚î¥‚î¨‚î¥‚î¨‚î§ ‚îú‚î¥‚î¨‚î¥‚î¨‚î¥‚î¨‚î¥‚î¨‚î¥‚î¨‚î¥‚î¨‚î¥‚î¨‚î¥‚î¨‚î¥‚î¨‚î¥‚î¨‚î¥‚î¨‚î¥‚î¨‚î¥‚î¨‚î¥‚î¨‚î¥‚î¨‚î¥‚î¨‚î¥‚î¨‚î§ ‚îú‚î¥‚î¨‚î¥‚î¨‚î¥‚î¨‚î¥‚î¨‚î¥‚î¨‚î¥‚î¨‚î¥‚î¨‚î¥‚î¨‚î¥‚î¨‚î¥‚î¨‚î¥‚î¨‚î¥‚î¨‚î¥‚î¨‚î¥‚î¨‚î¥‚î¨‚î¥‚î¨‚î¥‚î¨‚î§ ‚îú‚î¥‚î¨‚î¥‚î¨‚î¥‚î¨‚î¥‚î¨‚î¥‚î¨‚î¥‚î¨‚î¥‚î¨‚î¥‚î¨‚î¥‚î¨‚î¥‚î¨‚î¥‚î¨‚î¥‚î¨‚î¥‚î¨‚î¥‚î¨‚î¥‚î¨‚î¥‚î¨‚î¥‚î¨‚î§ ‚îú‚î¥‚î¨‚î¥‚î¨‚î¥‚î¨‚î¥‚î¨‚î¥‚î¨‚î¥‚î¨‚î¥‚î¨‚î¥‚î¨‚î¥‚î¨‚î¥‚î¨‚î¥‚î¨‚î¥‚î¨‚î¥‚î¨‚î¥‚î¨‚î¥‚î¨‚î¥‚î¨‚î¥‚î¨‚î§ ‚îú‚î¥‚î¨‚î¥‚î¨‚î¥‚î¨‚î¥‚î¨‚î¥‚î¨‚î¥‚î¨‚î¥‚î¨‚î¥‚î¨‚î¥‚î¨‚î¥‚î¨‚î¥‚î¨‚î¥‚î¨‚î¥‚î¨‚î¥‚î¨‚î¥‚î¨‚î¥‚î¨‚î¥‚î¨‚î§ ‚îú‚î¥‚î¨‚î¥‚î¨‚î¥‚î¨‚î¥‚î¨‚î¥‚î¨‚î¥‚î¨‚î¥‚î¨‚î¥‚î¨‚î¥‚î¨‚î¥‚î¨‚î¥‚î¨‚î¥‚î¨‚î¥‚î¨‚î¥‚î¨‚î¥‚î¨‚î¥‚î¨‚î¥‚î¨‚î§ ‚îú‚î¥‚î¨‚î¥‚î¨‚î¥‚î¨‚î¥‚î¨‚î¥‚î¨‚î¥‚î¨‚î¥‚î¨‚î¥‚î¨‚î¥‚î¨‚î¥‚î¨‚î¥‚î¨‚î¥‚î¨‚î¥‚î¨‚î¥‚î¨‚î¥‚î¨‚î¥‚î¨‚î¥‚î¨‚î§ ‚îú‚î¥‚î¨‚î¥‚î¨‚î¥‚î¨‚î¥‚î¨‚î¥‚î¨‚î¥‚î¨‚î¥‚î¨‚î¥‚î¨‚î¥‚î¨‚î¥‚î¨‚î¥‚î¨‚î¥‚î¨‚î¥‚î¨‚î¥‚î¨‚î¥‚î¨‚î¥‚î¨‚î¥‚î¨‚î§ ‚îú‚î¥‚î¨‚î¥‚î¨‚î¥‚î¨‚î¥‚î¨‚î¥‚î¨‚î¥‚î¨‚î¥‚î¨‚î¥‚î¨‚î¥‚î¨‚î¥‚î¨‚î¥‚î¨‚î¥‚î¨‚î¥‚î¨‚î¥‚î¨‚î¥‚î¨‚î¥‚î¨‚î¥‚î¨‚î§ ‚îú‚î¥‚î¨‚î¥‚î¨‚î¥‚î¨‚î¥‚î¨‚î¥‚î¨‚î¥‚î¨‚î¥‚î¨‚î¥‚î¨‚î¥‚î¨‚î¥‚î¨‚î¥‚î¨‚î¥‚î¨‚î¥‚î¨‚î¥‚î¨‚î¥‚î¨‚î¥‚î¨‚î¥‚î¨‚î§ ‚îú‚î¥‚î¨‚î¥‚î¨‚î¥‚î¨‚î¥‚î¨‚î¥‚î¨‚î¥‚î¨‚î¥‚î¨‚î¥‚î¨‚î¥‚î¨‚î¥‚î¨‚î¥‚î¨‚î¥‚î¨‚î¥‚î¨‚î¥‚î¨‚î¥‚î¨‚î¥‚î¨‚î¥‚î¨‚î§ ‚îú‚î¥‚î¨‚î¥‚î¨‚î¥‚î¨‚î¥‚î¨‚î¥‚î¨‚î¥‚î¨‚î¥‚î¨‚î¥‚î¨‚î¥‚î¨‚î¥‚î¨‚î¥‚î¨‚î¥‚î¨‚î¥‚î¨‚î¥‚î¨‚î¥‚î¨‚î¥‚î¨‚î¥‚î¨‚î§ ‚îú‚î¥‚î¨‚î¥‚î¨‚î¥‚î¨‚î¥‚î¨‚î¥‚î¨‚î¥‚î¨‚î¥‚î¨‚î¥‚î¨‚î¥‚î¨‚î¥‚î¨‚î¥‚î¨‚î¥‚î¨‚î¥‚î¨‚î¥‚î¨‚î¥‚î¨‚î¥‚î¨‚î¥‚î¨‚î§ ‚îú‚î¥‚î¨‚î¥‚î¨‚î¥‚î¨‚î¥‚î¨‚î¥‚î¨‚î¥‚î¨‚î¥‚î¨‚î¥‚î¨‚î¥‚î¨‚î¥‚î¨‚î¥‚î¨‚î¥‚î¨‚î¥‚î¨‚î¥‚î¨‚î¥‚î¨‚î¥‚î¨‚î¥‚î¨‚î§ ‚îú‚î¥‚î¨‚î¥‚î¨‚î¥‚î¨‚î¥‚î¨‚î¥‚î¨‚î¥‚î¨‚î¥‚î¨‚î¥‚î¨‚î¥‚î¨‚î¥‚î¨‚î¥‚î¨‚î¥‚î¨‚î¥‚î¨‚î¥‚î¨‚î¥‚î¨‚î¥‚î¨‚î¥‚î¨‚î§ ‚îú‚î¥‚î¨‚î¥‚î¨‚î¥‚î¨‚î¥‚î¨‚î¥‚î¨‚î¥‚î¨‚î¥‚î¨‚î¥‚î¨‚î¥‚î¨‚î¥‚î¨‚î¥‚î¨‚î¥‚î¨‚î¥‚î¨‚î¥‚î¨‚î¥‚î¨‚î¥‚î¨‚î¥‚î¨‚î§ ‚îú‚î¥‚î¨‚î¥‚î¨‚î¥‚î¨‚î¥‚î¨‚î¥‚î¨‚î¥‚î¨‚î¥‚î¨‚î¥‚î¨‚î¥‚î¨‚î¥‚î¨‚î¥‚î¨‚î¥‚î¨‚î¥‚î¨‚î¥‚î¨‚î¥‚î¨‚î¥‚î¨‚î¥‚î¨‚î§ ‚îú‚î¥‚î¨‚î¥‚î¨‚î¥‚î¨‚î¥‚î¨‚î¥‚î¨‚î¥‚î¨‚î¥‚î¨‚î¥‚î¨‚î¥‚î¨‚î¥‚î¨‚î¥‚î¨‚î¥‚î¨‚î¥‚î¨‚î¥‚î¨‚î¥‚î¨‚î¥‚î¨‚î¥‚î¨‚î§ ‚îú‚î¥‚î¨‚î¥‚î¨‚î¥‚î¨‚î¥‚î¨‚î¥‚î¨‚î¥‚î¨‚î¥‚î¨‚î¥‚î¨‚î¥‚î¨‚î¥‚î¨‚î¥‚î¨‚î¥‚î¨‚î¥‚î¨‚î¥‚î¨‚î¥‚î¨‚î¥‚î¨‚î¥‚î¨‚î§ ‚îú‚î¥‚î¨‚î¥‚î¨‚î¥‚î¨‚î¥‚î¨‚î¥‚î¨‚î¥‚î¨‚î¥‚î¨‚î¥‚î¨‚î¥‚î¨‚î¥‚î¨‚î¥‚î¨‚î¥‚î¨‚î¥‚î¨‚î¥‚î¨‚î¥‚î¨‚î¥‚î¨‚î¥‚î¨‚î§ ‚îú‚î¥‚î¨‚î¥‚î¨‚î¥‚î¨‚î¥‚î¨‚î¥‚î¨‚î¥‚î¨‚î¥‚î¨‚î¥‚î¨‚î¥‚î¨‚î¥‚î¨‚î¥‚î¨‚î¥‚î¨‚î¥‚î¨‚î¥‚î¨‚î¥‚î¨‚î¥‚î¨‚î¥‚î¨‚î§ ‚îú‚î¥‚î¨‚î¥‚î¨‚î¥‚î¨‚î¥‚î¨‚î¥‚î¨‚î¥‚î¨‚î¥‚î¨‚î¥‚î¨‚î¥‚î¨‚î¥‚î¨‚î¥‚î¨‚î¥‚î¨‚î¥‚î¨‚î¥‚î¨‚î¥‚î¨‚î¥‚î¨‚î¥‚î¨‚î§ ‚îú‚î¥‚î¨‚î¥‚î¨‚î¥‚î¨‚î¥‚î¨‚î¥‚î¨‚î¥‚î¨‚î¥‚î¨‚î¥‚î¨‚î¥‚î¨‚î¥‚î¨‚î¥‚î¨‚î¥‚î¨‚î¥‚î¨‚î¥‚î¨‚î¥‚î¨‚î¥‚î¨‚î¥‚î¨‚î§ ‚îú‚î¥‚î¨‚î¥‚î¨‚î¥‚î¨‚î¥‚î¨‚î¥‚î¨‚î¥‚î¨‚î¥‚î¨‚î¥‚î¨‚î¥‚î¨‚î¥‚î¨‚î¥‚î¨‚î¥‚î¨‚î¥‚î¨‚î¥‚î¨‚î¥‚î¨‚î¥‚î¨‚î¥‚î¨‚î§ ‚îú‚î¥‚î¨‚î¥‚î¨‚î¥‚î¨‚î¥‚î¨‚î¥‚î¨‚î¥‚î¨‚î¥‚î¨‚î¥‚î¨‚î¥‚î¨‚î¥‚î¨‚î¥‚î¨‚î¥‚î¨‚î¥‚î¨‚î¥‚î¨‚î¥‚î¨‚î¥‚î¨‚î¥‚î¨‚î§ ‚îú‚î¥‚î¨‚î¥‚î¨‚î¥‚î¨‚î¥‚î¨‚î¥‚î¨‚î¥‚î¨‚î¥‚î¨‚î¥‚î¨‚î¥‚î¨‚î¥‚î¨‚î¥‚î¨‚î¥‚î¨‚î¥‚î¨‚î¥‚î¨‚î¥‚î¨‚î¥‚î¨‚î¥‚î¨‚î§ ‚îú‚î¥‚î¨‚î¥‚î¨‚î¥‚î¨‚î¥‚î¨‚î¥‚î¨‚î¥‚î¨‚î¥‚î¨‚î¥‚î¨‚î¥‚î¨‚î¥‚î¨‚î¥‚î¨‚î¥‚î¨‚î¥‚î¨‚î¥‚î¨‚î¥‚î¨‚î¥‚î¨‚î¥‚î¨‚î§ ‚îú‚î¥‚î¨‚î¥‚î¨‚î¥‚î¨‚î¥‚î¨‚î¥‚î¨‚î¥‚î¨‚î¥‚î¨‚î¥‚î¨‚î¥‚î¨‚î¥‚î¨‚î¥‚î¨‚î¥‚î¨‚î¥‚î¨‚î¥‚î¨‚î¥‚î¨‚î¥‚î¨‚î¥‚î¨‚î§ ‚îú‚î¥‚î¨‚î¥‚î¨‚î¥‚î¨‚î¥‚î¨‚î¥‚î¨‚î¥‚î¨‚î¥‚î¨‚î¥‚î¨‚î¥‚î¨‚î¥‚î¨‚î¥‚î¨‚î¥‚î¨‚î¥‚î¨‚î¥‚î¨‚î¥‚î¨‚î¥‚î¨‚î¥‚î¨‚î§ ‚îú‚î¥‚î¨‚î¥‚î¨‚î¥‚î¨‚î¥‚î¨‚î¥‚î¨‚î¥‚î¨‚î¥‚î¨‚î¥‚î¨‚î¥‚î¨‚î¥‚î¨‚î¥‚î¨‚î¥‚î¨‚î¥‚î¨‚î¥‚î¨‚î¥‚î¨‚î¥‚î¨‚î¥‚î¨‚î§ ‚îú‚î¥‚î¨‚î¥‚î¨‚î¥‚î¨‚î¥‚î¨‚î¥‚î¨‚î¥‚î¨‚î¥‚î¨‚î¥‚î¨‚î¥‚î¨‚î¥‚î¨‚î¥‚î¨‚î¥‚î¨‚î¥‚î¨‚î¥‚î¨‚î¥‚î¨‚î¥‚î¨‚î¥‚î¨‚î§ ‚îú‚î¥‚î¨‚î¥‚î¨‚î¥‚î¨‚î¥‚î¨‚î¥‚î¨‚î¥‚î¨‚î¥‚î¨‚î¥‚î¨‚î¥‚î¨‚î¥‚î¨‚î¥‚î¨‚î¥‚î¨‚î¥‚î¨‚î¥‚î¨‚î¥‚î¨‚î¥‚î¨‚î¥‚î¨‚î§ ‚îú‚î¥‚î¨‚î¥‚î¨‚î¥‚î¨‚î¥‚î¨‚î¥‚î¨‚î¥‚î¨‚î¥‚î¨‚î¥‚î¨‚î¥‚î¨‚î¥‚î¨‚î¥‚î¨‚î¥‚î¨‚î¥‚î¨‚î¥‚î¨‚î¥‚î¨‚î¥‚î¨‚î¥‚î¨‚î§ ‚îú‚î¥‚î¨‚î¥‚î¨‚î¥‚î¨‚î¥‚î¨‚î¥‚î¨‚î¥‚î¨‚î¥‚î¨‚î¥‚î¨‚î¥‚î¨‚î¥‚î¨‚î¥‚î¨‚î¥‚î¨‚î¥‚î¨‚î¥‚î¨‚î¥‚î¨‚î¥‚î¨‚î¥‚î¨‚î§ ‚îú‚î¥‚î¨‚î¥‚î¨‚î¥‚î¨‚î¥‚î¨‚î¥‚î¨‚î¥‚î¨‚î¥‚î¨‚î¥‚î¨‚î¥‚î¨‚î¥‚î¨‚î¥‚î¨‚î¥‚î¨‚î¥‚î¨‚î¥‚î¨‚î¥‚î¨‚î¥‚î¨‚î¥‚î¨‚î§ ‚îú‚î¥‚î¨‚î¥‚î¨‚î¥‚î¨‚î¥‚î¨‚î¥‚î¨‚î¥‚î¨‚î¥‚î¨‚î¥‚î¨‚î¥‚î¨‚î¥‚î¨‚î¥‚î¨‚î¥‚î¨‚î¥‚î¨‚î¥‚î¨‚î¥‚î¨‚î¥‚î¨‚î¥‚î¨‚î§ ‚îú‚î¥‚î¨‚î¥‚î¨‚î¥‚î¨‚î¥‚î¨‚î¥‚î¨‚î¥‚î¨‚î¥‚î¨‚î¥‚î¨‚î¥‚î¨‚î¥‚î¨‚î¥‚î¨‚î¥‚î¨‚î¥‚î¨‚î¥‚î¨‚î¥‚î¨‚î¥‚î¨‚î¥‚î¨‚î§ ‚îú‚î¥‚î¨‚î¥‚î¨‚î¥‚î¨‚î¥‚î¨‚î¥‚î¨‚î¥‚î¨‚î¥‚î¨‚î¥‚î¨‚î¥‚î¨‚î¥‚î¨‚î¥‚î¨‚î¥‚î¨‚î¥‚î¨‚î¥‚î¨‚î¥‚î¨‚î¥‚î¨‚î¥‚î¨‚î§ ‚îú‚î¥‚î¨‚î¥‚î¨‚î¥‚î¨‚î¥‚î¨‚î¥‚î¨‚î¥‚î¨‚î¥‚î¨‚î¥‚î¨‚î¥‚î¨‚î¥‚î¨‚î¥‚î¨‚î¥‚î¨‚î¥‚î¨‚î¥‚î¨‚î¥‚î¨‚î¥‚î¨‚î¥‚î¨‚î§ ‚îú‚î¥‚î¨‚î¥‚î¨‚î¥‚î¨‚î¥‚î¨‚î¥‚î¨‚î¥‚î¨‚î¥‚î¨‚î¥‚î¨‚î¥‚î¨‚î¥‚î¨‚î¥‚î¨‚î¥‚î¨‚î¥‚î¨‚î¥‚î¨‚î¥‚î¨‚î¥‚î¨‚î¥‚î¨‚î§ ‚îú‚î¥‚î¨‚î¥‚î¨‚î¥‚î¨‚î¥‚î¨‚î¥‚î¨‚î¥‚î¨‚î¥‚î¨‚î¥‚î¨‚î¥‚î¨‚î¥‚î¨‚î¥‚î¨‚î¥‚î¨‚î¥‚î¨‚î¥‚î¨‚î¥‚î¨‚î¥‚î¨‚î¥‚î¨‚î§ ‚îú‚î¥‚î¨‚î¥‚î¨‚î¥‚î¨‚î¥‚î¨‚î¥‚î¨‚î¥‚î¨‚î¥‚î¨‚î¥‚î¨‚î¥‚î¨‚î¥‚î¨‚î¥‚î¨‚î¥‚î¨‚î¥‚î¨‚î¥‚î¨‚î¥‚î¨‚î¥‚î¨‚î¥‚î¨‚î§ ‚îú‚î¥‚î¨‚î¥‚î¨‚î¥‚î¨‚î¥‚î¨‚î¥‚î¨‚î¥‚î¨‚î¥‚î¨‚î¥‚î¨‚î¥‚î¨‚î¥‚î¨‚î¥‚î¨‚î¥‚î¨‚î¥‚î¨‚î¥‚î¨‚î¥‚î¨‚î¥‚î¨‚î¥‚î¨‚î§ ‚îú‚î¥‚î¨‚î¥‚î¨‚î¥‚î¨‚î¥‚î¨‚î¥‚î¨‚î¥‚î¨‚î¥‚î¨‚î¥‚î¨‚î¥‚î¨‚î¥‚î¨‚î¥‚î¨‚î¥‚î¨‚î¥‚î¨‚î¥‚î¨‚î¥‚î¨‚î¥‚î¨‚î¥‚î¨‚î§ ‚îú‚î¥‚î¨‚î¥‚î¨‚î¥‚î¨‚î¥‚î¨‚î¥‚î¨‚î¥‚î¨‚î¥‚î¨‚î¥‚î¨‚î¥‚î¨‚î¥‚î¨‚î¥‚î¨‚î¥‚î¨‚î¥‚î¨‚î¥‚î¨‚î¥‚î¨‚î¥‚î¨‚î¥‚î¨‚î§ ‚îú‚î¥‚î¨‚î¥‚î¨‚î¥‚î¨‚î¥‚î¨‚î¥‚î¨‚î¥‚î¨‚î¥‚î¨‚î¥‚î¨‚î¥‚î¨‚î¥‚î¨‚î¥‚î¨‚î¥‚î¨‚î¥‚î¨‚î¥‚î¨‚î¥‚î¨‚î¥‚î¨‚î¥‚î¨‚î§ ‚îú‚î¥‚î¨‚î¥‚î¨‚î¥‚î¨‚î¥‚î¨‚î¥‚î¨‚î¥‚î¨‚î¥‚î¨‚î¥‚î¨‚î¥‚î¨‚î¥‚î¨‚î¥‚î¨‚î¥‚î¨‚î¥‚î¨‚î¥‚î¨‚î¥‚î¨‚î¥‚î¨‚î¥‚î¨‚î§ ‚îú‚î¥‚î¨‚î¥‚î¨‚î¥‚î¨‚î¥‚î¨‚î¥‚î¨‚î¥‚î¨‚î¥‚î¨‚î¥‚î¨‚î¥‚î¨‚î¥‚î¨‚î¥‚î¨‚î¥‚î¨‚î¥‚î¨‚î¥‚î¨‚î¥‚î¨‚î¥‚î¨‚î¥‚î¨‚î§ ‚îú‚î¥‚î¨‚î¥‚î¨‚î¥‚î¨‚î¥‚î¨‚î¥‚î¨‚î¥‚î¨‚î¥‚î¨‚î¥‚î¨‚î¥‚î¨‚î¥‚î¨‚î¥‚î¨‚î¥‚î¨‚î¥‚î¨‚î¥‚î¨‚î¥‚î¨‚î¥‚î¨‚î¥‚î¨‚î§ ‚îú‚î¥‚î¨‚î¥‚î¨‚î¥‚î¨‚î¥‚î¨‚î¥‚î¨‚î¥‚î¨‚î¥‚î¨‚î¥‚î¨‚î¥‚î¨‚î¥‚î¨‚î¥‚î¨‚î¥‚î¨‚î¥‚î¨‚î¥‚î¨‚î¥‚î¨‚î¥‚î¨‚î¥‚î¨‚î§ ‚îú‚î¥‚î¨‚î¥‚î¨‚î¥‚î¨‚î¥‚î¨‚î¥‚î¨‚î¥‚î¨‚î¥‚î¨‚î¥‚î¨‚î¥‚î¨‚î¥‚î¨‚î¥‚î¨‚î¥‚î¨‚î¥‚î¨‚î¥‚î¨‚î¥‚î¨‚î¥‚î¨‚î¥‚î¨‚î§ ‚îú‚î¥‚î¨‚î¥‚î¨‚î¥‚î¨‚î¥‚î¨‚î¥‚î¨‚î¥‚î¨‚î¥‚î¨‚î¥‚î¨‚î¥‚î¨‚î¥‚î¨‚î¥‚î¨‚î¥‚î¨‚î¥‚î¨‚î¥‚î¨‚î¥‚î¨‚î¥‚î¨‚î¥‚î¨‚î§ ‚îú‚î¥‚î¨‚î¥‚î¨‚î¥‚î¨‚î¥‚î¨‚î¥‚î¨‚î¥‚î¨‚î¥‚î¨‚î¥‚î¨‚î¥‚î¨‚î¥‚î¨‚î¥‚î¨‚î¥‚î¨‚î¥‚î¨‚î¥‚î¨‚î¥‚î¨‚î¥‚î¨‚î¥‚î¨‚î§ ‚îú‚î¥‚î¨‚î¥‚î¨‚î¥‚î¨‚î¥‚î¨‚î¥‚î¨‚î¥‚î¨‚î¥‚î¨‚î¥‚î¨‚î¥‚î¨‚î¥‚î¨‚î¥‚î¨‚î¥‚î¨‚î¥‚î¨‚î¥‚î¨‚î¥‚î¨‚î¥‚î¨‚î¥‚î¨‚î§ ‚îú‚î¥‚î¨‚î¥‚î¨‚î¥‚î¨‚î¥‚î¨‚î¥‚î¨‚î¥‚î¨‚î¥‚î¨‚î¥‚î¨‚î¥‚î¨‚î¥‚î¨‚î¥‚î¨‚î¥‚î¨‚î¥‚î¨‚î¥‚î¨‚î¥‚î¨‚î¥‚î¨‚î¥‚î¨‚î§ ‚îú‚î¥‚î¨‚î¥‚î¨‚î¥‚î¨‚î¥‚î¨‚î¥‚î¨‚î¥‚î¨‚î¥‚î¨‚î¥‚î¨‚î¥‚î¨‚î¥‚î¨‚î¥‚î¨‚î¥‚î¨‚î¥‚î¨‚î¥‚î¨‚î¥‚î¨‚î¥‚î¨‚î¥‚î¨‚î§ ‚îú‚î¥‚î¨‚î¥‚î¨‚î¥‚î¨‚î¥‚î¨‚î¥‚î¨‚î¥‚î¨‚î¥‚î¨‚î¥‚î¨‚î¥‚î¨‚î¥‚î¨‚î¥‚î¨‚î¥‚î¨‚î¥‚î¨‚î¥‚î¨‚î¥‚î¨‚î¥‚î¨‚î¥‚î¨‚î§ ‚îú‚î¥‚î¨‚î¥‚î¨‚î¥‚î¨‚î¥‚î¨‚î¥‚î¨‚î¥‚î¨‚î¥‚î¨‚î¥‚î¨‚î¥‚î¨‚î¥‚î¨‚î¥‚î¨‚î¥‚î¨‚î¥‚î¨‚î¥‚î¨‚î¥‚î¨‚î¥‚î¨‚î¥‚î¨‚î§ ‚îú‚î¥‚î¨‚î¥‚î¨‚î¥‚î¨‚î¥‚î¨‚î¥‚î¨‚î¥‚î¨‚î¥‚î¨‚î¥‚î¨‚î¥‚î¨‚î¥‚î¨‚î¥‚î¨‚î¥‚î¨‚î¥‚î¨‚î¥‚î¨‚î¥‚î¨‚î¥‚î¨‚î¥‚î¨‚î§ ‚îú‚î¥‚î¨‚î¥‚î¨‚î¥‚î¨‚î¥‚î¨‚î¥‚î¨‚î¥‚î¨‚î¥‚î¨‚î¥‚î¨‚î¥‚î¨‚î¥‚î¨‚î¥‚î¨‚î¥‚î¨‚î¥‚î¨‚î¥‚î¨‚î¥‚î¨‚î¥‚î¨‚î¥‚î¨‚î§ ‚îú‚î¥‚î¨‚î¥‚î¨‚î¥‚î¨‚î¥‚î¨‚î¥‚î¨‚î¥‚î¨‚î¥‚î¨‚î¥‚î¨‚î¥‚î¨‚î¥‚î¨‚î¥‚î¨‚î¥‚î¨‚î¥‚î¨‚î¥‚î¨‚î¥‚î¨‚î¥‚î¨‚î¥‚î¨‚î§ ‚îú‚î¥‚î¨‚î¥‚î¨‚î¥‚î¨‚î¥‚î¨‚î¥‚î¨‚î¥‚î¨‚î¥‚î¨‚î¥‚î¨‚î¥‚î¨‚î¥‚î¨‚î¥‚î¨‚î¥‚î¨‚î¥‚î¨‚î¥‚î¨‚î¥‚î¨‚î¥‚î¨‚î¥‚î¨‚î§ ‚îú‚î¥‚î¨‚î¥‚î¨‚î¥‚î¨‚î¥‚î¨‚î¥‚î¨‚î¥‚î¨‚î¥‚î¨‚î¥‚î¨‚î¥‚î¨‚î¥‚î¨‚î¥‚î¨‚î¥‚î¨‚î¥‚î¨‚î¥‚î¨‚î¥‚î¨‚î¥‚î¨‚î¥‚î¨‚î§ ‚îú‚î¥‚î¨‚î¥‚î¨‚î¥‚î¨‚î¥‚î¨‚î¥‚î¨‚î¥‚î¨‚î¥‚î¨‚î¥‚î¨‚î¥‚î¨‚î¥‚î¨‚î¥‚î¨‚î¥‚î¨‚î¥‚î¨‚î¥‚î¨‚î¥‚î¨‚î¥‚î¨‚î¥‚î¨‚î§ ‚îú‚î¥‚î¨‚î¥‚î¨‚î¥‚î¨‚î¥‚î¨‚î¥‚î¨‚î¥‚î¨‚î¥‚î¨‚î¥‚î¨‚î¥‚î¨‚î¥‚î¨‚î¥‚î¨‚î¥‚î¨‚î¥‚î¨‚î¥‚î¨‚î¥‚î¨‚î¥‚î¨‚î¥‚î¨‚î§ ‚îú‚î¥‚î¨‚î¥‚î¨‚î¥‚î¨‚î¥‚î¨‚î¥‚î¨‚î¥‚î¨‚î¥‚î¨‚î¥‚î¨‚î¥‚î¨‚î¥‚î¨‚î¥‚î¨‚î¥‚î¨‚î¥‚î¨‚î¥‚î¨‚î¥‚î¨‚î¥‚î¨‚î¥‚î¨‚î§ ‚îú‚î¥‚î¨‚î¥‚î¨‚î¥‚î¨‚î¥‚î¨‚î¥‚î¨‚î¥‚î¨‚î¥‚î¨‚î¥‚î¨‚î¥‚î¨‚î¥‚î¨‚î¥‚î¨‚î¥‚î¨‚î¥‚î¨‚î¥‚î¨‚î¥‚î¨‚î¥‚î¨‚î¥‚î¨‚î§ ‚îú‚î¥‚î¨‚î¥‚î¨‚î¥‚î¨‚î¥‚î¨‚î¥‚î¨‚î¥‚î¨‚î¥‚î¨‚î¥‚î¨‚î¥‚î¨‚î¥‚î¨‚î¥‚î¨‚î¥‚î¨‚î¥‚î¨‚î¥‚î¨‚î¥‚î¨‚î¥‚î¨‚î¥‚î¨‚î§ ‚îú‚î¥‚î¨‚î¥‚î¨‚î¥‚î¨‚î¥‚î¨‚î¥‚î¨‚î¥‚î¨‚î¥‚î¨‚î¥‚î¨‚î¥‚î¨‚î¥‚î¨‚î¥‚î¨‚î¥‚î¨‚î¥‚î¨‚î¥‚î¨‚î¥‚î¨‚î¥‚î¨‚î¥‚î¨‚î§ ‚îú‚î¥‚î¨‚î¥‚î¨‚î¥‚î¨‚î¥‚î¨‚î¥‚î¨‚î¥‚î¨‚î¥‚î¨‚î¥‚î¨‚î¥‚î¨‚î¥‚î¨‚î¥‚î¨‚î¥‚î¨‚î¥‚î¨‚î¥‚î¨‚î¥‚î¨‚î¥‚î¨‚î¥‚î¨‚î§ ‚îú‚î¥‚î¨‚î¥‚î¨‚î¥‚î¨‚î¥‚î¨‚î¥‚î¨‚î¥‚î¨‚î¥‚î¨‚î¥‚î¨‚î¥‚î¨‚î¥‚î¨‚î¥‚î¨‚î¥‚î¨‚î¥‚î¨‚î¥‚î¨‚î¥‚î¨‚î¥‚î¨‚î¥‚î¨‚î§ ‚îú‚î¥‚î¨‚î¥‚î¨‚î¥‚î¨‚î¥‚î¨‚î¥‚î¨‚î¥‚î¨‚î¥‚î¨‚î¥‚î¨‚î¥‚î¨‚î¥‚î¨‚î¥‚î¨‚î¥‚î¨‚î¥‚î¨‚î¥‚î¨‚î¥‚î¨‚î¥‚î¨‚î¥‚î¨‚î§ ‚îú‚î¥‚î¨‚î¥‚î¨‚î¥‚î¨‚î¥‚î¨‚î¥‚î¨‚î¥‚î¨‚î¥‚î¨‚î¥‚î¨‚î¥‚î¨‚î¥‚î¨‚î¥‚î¨‚î¥‚î¨‚î¥‚î¨‚î¥‚î¨‚î¥‚î¨‚î¥‚î¨‚î¥‚î¨‚î§ ‚îú‚î¥‚î¨‚î¥‚î¨‚î¥‚î¨‚î¥‚î¨‚î¥‚î¨‚î¥‚î¨‚î¥‚î¨‚î¥‚î¨‚î¥‚î¨‚î¥‚î¨‚î¥‚î¨‚î¥‚î¨‚î¥‚î¨‚î¥‚î¨‚î¥‚î¨‚î¥‚î¨‚î¥‚î¨‚î§ ‚îú‚î¥‚î¨‚î¥‚î¨‚î¥‚î¨‚î¥‚î¨‚î¥‚î¨‚î¥‚î¨‚î¥‚î¨‚î¥‚î¨‚î¥‚î¨‚î¥‚î¨‚î¥‚î¨‚î¥‚î¨‚î¥‚î¨‚î¥‚î¨‚î¥‚î¨‚î¥‚î¨‚î¥‚î¨‚î§ ‚îú‚î¥‚î¨‚î¥‚î¨‚î¥‚î¨‚î¥‚î¨‚î¥‚î¨‚î¥‚î¨‚î¥‚î¨‚î¥‚î¨‚î¥‚î¨‚î¥‚î¨‚î¥‚î¨‚î¥‚î¨‚î¥‚î¨‚î¥‚î¨‚î¥‚î¨‚î¥‚î¨‚î¥‚î¨‚î§,http://reddit.com/r/circlejerk/comments/48ohfz/c/d0lhqr9,1391,9
7661,circlejerk,The Belgium bombing was an inside job. Trump did 3/22,22,https://www.reddit.com/r/circlejerk/comments/4bhbpu,Trump did 3/22,I LOVE BERNIE tbqh fam,http://reddit.com/r/circlejerk/comments/4bhbpu/c/d197pko,327,9
7662,circlejerk,https://www.youtube.com/watch?v=zWUef8ssb0w,24,https://www.reddit.com/r/circlejerk/comments/4aofg9,Hilary Clintion is dumb, stands for freedom of memes and protection from normies. Thank you and have a nice wank.,http://reddit.com/r/circlejerk/comments/4aofg9/c/d12egya,234,3
7750,circlejerk,,21,https://www.reddit.com/r/circlejerk/comments/4brusg,"Hi! I'm a random asshole from some bullshit company you probably never heard of, AMA!",EDIT: RIP INBOX,http://reddit.com/r/circlejerk/comments/4brusg/c/d1c1azc,320,8
7875,circlejerk,,23,https://www.reddit.com/r/circlejerk/comments/4cqjl8,BREAKING: Trump dead at 69; Cause of death: Crushed on live TV by the hydraulic press channel.,‚ÄúAssholes always get what they deserve‚Äù.,http://reddit.com/r/circlejerk/comments/4cqjl8/c/d1l4i4e,2844,8
7894,circlejerk,,23,https://www.reddit.com/r/circlejerk/comments/492am0,"Trump: when I'm president, everyone will have to reduce their penis size so that I have the biggest dick.",If u have gold please donate it to bernie campaign. We can do this! Hillary is going eat our balls by the end of this campaign. Literally. ,http://reddit.com/r/circlejerk/comments/492am0/c/d0oo0ih,222,9
7943,circlejerk,,224,https://www.reddit.com/r/circlejerk/comments/48roke,"TIL that before Reddit, ""Reddit"" was just "" ""","„Åç„Åø„Åì„Çì„Å´„Å°„ÅØ„ÄÇ Reddit„Å´„Å∏„Çà„ÅÜ„Åì„Åù„ÄÇÊñ∞ÈÆÆËÇâamiriteÔºü„ÅÇ„Å™„Åü„ÅØ9GAG„ÅßÁÜ±„ÅÑ„ÇÇ„ÅÆ„ÇíË∂Ö„Åà„ÇãÂèØËÉΩÊÄß„Åå„ÅÇ„Çä„Åæ„Åô„Åå„ÄÅ„Åì„Åì„Åß„ÅØReddit„ÅÆ‰∏ä„ÄÅ„ÅÇ„Å™„Åü„ÅØ‰Ωï„ÇÇ„ÇØ„ÇΩ„Å™„ÅÑ„Åß„Åô„ÄÇÁßÅ„ÅØÊòé„Çâ„Åã„Å´„ÅÇ„Å™„Åü„Åå„ÅÜ„Åæ„Åè„ÅÑ„Åë„Å∞„ÄÅÂ§öÂàÜ1Êó•„ÅÆ‰∫∫„ÄÖ„ÅØ„ÅÇ„Å™„Åü„ÅåÊúâÂêçÊ§úË®é„Åô„Çã„Çà„ÅÜ„Å´„ÄÅ„ÅÇ„Å™„Åü„ÅÆ„Äå„Çπ„Éû„Éº„Éà„Äç„ÅÆ„Ç≥„É°„É≥„Éà„ÅØ„ÅÇ„Å™„Åü„Å´„ÅÑ„Åè„Å§„Åã„ÅÆ„Ç´„É´„Éû„ÇíÁç≤Âæó„Åô„Çã„Å†„Çç„ÅÜ„Å®ÊÄù„Å£„Å¶„ÅÑ„Çã„Åì„Å®„ÇíÁü•„Å£„Å¶„ÅÑ„Çã„Åå„ÄÅ„ÅÑ„ÇÑ„ÄÅ„Åù„Çå„ÅØ„Å™„ÅÑ„Åß„Åó„Çá„ÅÜ„ÄÅ„ÅÇ„Å™„Åü„ÅØÊúâÂêç„Å´„Å™„Çã„Åì„Å®„ÅØÊ±∫„Åó„Å¶„Å™„ÅÑ„Å†„Çç„ÅÜ„ÄÇ„ÅÇ„Å™„Åü„ÅÆËàå„Çí‰øùÊúâ„Åó„Å¶„ÅÑ„Åü„ÄÅÂ§öÂàÜ„ÅÇ„Å™„Åü„ÅØ„Åæ„Å†„ÉÅ„É£„É≥„Çπ„Åå„ÅÇ„Çã„Å®ÊÄù„ÅÑ„Åæ„Åô„Åå„ÄÅ„Åù„ÅÆ‰ª£„Çè„Çä„Å´„ÄÅ„ÅÇ„Å™„Åü„ÅØ„Å©„Åì„Å´„Åß„ÇÇ„Åß„Åü„Çâ„ÇÅ„ÇíÂêê„ÅçÂá∫„Åó„ÄÅ„Åù„Çå„ÅØ„ÅÇ„Å™„Åü„ÇíÊåÅ„Å£„Å¶„Å©„Åì„Å´Êé¢„Åô„Åì„Å®„Å´„Åó„Åæ„Åó„Åü„ÄÇ„ÅÇ„Å™„Åü„ÅÆ„Ç≥„É°„É≥„Éà„ÇíË™≠„Çì„Å†Âæå„ÄÅÁßÅ„ÅØ„Åª„Å®„Çì„Å©„ÄÅÁõ≤„Çç„ÅÜËÄÖ„ÄÅ„ÉÄ„É†„ÄÅ„Åä„Çà„Å≥ËÑ≥Ê≠ª„Å´„Å™„Çä„Åæ„Åó„Åü„ÄÇ„Åô„Å∞„Çâ„Åó„ÅÑ„Åß„ÅôÔºÅ„Åì„ÅÆ„Çà„ÅÜ„Å™„Åü„Çè„Åî„Å®„Çí„Ç≥„É°„É≥„Éà„Åó„Å¶„Åè„Å†„Åï„ÅÑ„Å®FBI„ÅØ9000000„ÇØ„ÇΩ„ÅÆReddit„ÅÆ„É¶„Éº„Ç∂„ÅÆÂ§ßÈáèËôêÊÆ∫„ÅÆ„Åü„ÇÅ„Å´„ÅÇ„Å™„Åü„ÇíÊé¢„Åó„Å¶„ÅÑ„Åæ„Åô„ÄÇÂ§öÂàÜ1Êó•„ÅÇ„Å™„Åü„ÅåÊúÄÂàù„Å´„Åå„Çì„ÅßÊ≠ª‰∫°„Åó„Å¶„ÅÑ„Å™„ÅÑÂ†¥Âêà„ÄÅ„ÅÇ„Å™„Åü„ÅØ„ÄÅ„ÅÇ„Å™„Åü„ÅÆ„ÅäÊØç„Åï„Çì„ÅÆÂú∞‰∏ãÂÆ§„ÅÆÂ§ñ„Å´ÁßªÂãï‰ªï‰∫ã„ÇíÂæó„Çã„ÄÅÁµêÂ©ö„Åó„ÄÅÂ≠ê‰æõ„ÇíÊåÅ„Å£„Å¶„ÅÑ„Åæ„Åô„Åå„ÄÅÁßÅ„ÅØÂÆüÈöõ„Å´„Åù„Çå„ÇíÁñë„ÅÜ„Å†„Çç„ÅÜ„ÄÇ„ÅÇ„Å™„Åü„ÅØÂ§öÂàÜ„ÅÇ„Å™„Åü„ÅåÊúÄÂàù„Å´ÊÄù„Å£„Åü„Å†„Çç„ÅÜ„ÄÅ„ÅÇ„Å™„Åü„ÅÆ„Ç≥„É°„É≥„Éà„Çí„ÇÇ„Åü„Çâ„Åó„Åü„Åß„ÅÇ„Çç„ÅÜÁï∞Â∏∏„Å´Ê∑∑‰π±„Åó„ÅüÁä∂Ê≥Å„ÇíÂÆüÁèæ„Åó„Å¶„ÅÑ„Åü„Åå„ÄÅ„ÅÇ„Å™„Åü„ÅØ„Åó„Åæ„Åõ„Çì„Åß„Åó„Åü„Åó„ÄÅ‰ªä„ÅÇ„Å™„Åü„ÅØ„ÇØ„ÇΩ‰æ°Ê†º„ÅÆ„Åç„Åø„ÇíÊîØÊâï„ÅÑ„Åæ„Åô„ÄÇ„ÅÇ„Å™„Åü„ÅØ„Åì„Çå„ÅßÈÄÉ„Åí„Çã„Åì„Å®„Åå„Åß„Åç„ÄÅ„Åù„Çå„ÅØ„ÄÅÊú¨ÂΩì„Å´„ÄÅÁßÅ„ÅØ„Åª„Å®„Çì„Å©9GAG„Åß„Åü„Å∂„ÇìÁµÇ„Çè„Çä„Å†thats„ÅÆ„Åå„ÄÅ„Åì„Åì„Åß„ÅØReddit„ÅÆ‰∏ä„ÄÅÁßÅ„Åü„Å°„ÅØË®±„Åó„Å¶„ÅÑ„Å™„ÅÑ„ÄÅ„Å®ÁßÅ„Åü„Å°„ÅØÂøò„Çå„Å™„ÅÑ„Åß„Åè„Å†„Åï„ÅÑ„ÄÇÁßÅ„ÅØ„ÄÅ„Éú„Çø„É≥„ÇíÊäº„Åô„Å†„Åë„Åß„ÄÅ„ÅÇ„Å™„Åü„ÅÆ„Éè„Éº„Éâ„Éâ„É©„Ç§„Éñ‰∏ä„ÅÆ„Éù„É´„Éé„ÅÆ„Åô„Åπ„Å¶„ÅÆ15„ÉÜ„É©„Éê„Ç§„Éà„ÇíÂâäÈô§„Åô„Çã„Åì„Å®„Åå„Åß„Åç„Åæ„Åô„ÄÇÁßÅ„ÅØ„Å°„Çá„ÅÜ„Å©ÁßÅ„Åå„ÅÇ„Å™„Åü„ÅÆ„Ç≥„É°„É≥„Éà„ÇíÂ´å„Å£„Å¶„Å©„ÅÆ„Åè„Çâ„ÅÑ„ÅÆ„ÅÇ„Å™„Åü„Å´‰ºù„Åà„Åü„ÅÑ„Å®ËÄÉ„Åà„Å¶„ÅÑ„Åæ„Åó„Åü„ÄÇÁßÅ„ÅØ„Å°„Çá„ÅÜ„Å©downvoted„Å®Ê≠©„ÅÑ„Åü„Åå„ÄÅÁßÅ„ÅØ„Å°„Çá„ÅÜ„Å©ÁÑ°Ë¶ñ„Åô„Çã„Åì„Å®„Åå„Åß„Åç„Åæ„Åõ„Çì„Åß„Åó„Åü„ÅÇ„Å™„Åü„Å´‰Ωï„Åã„ÇíÊÑü„Åò„Å¶„ÅÑ„ÇãÂèØËÉΩÊÄß„Åå„ÅÇ„Çä„Åæ„Åô„ÄÇÁßÅ„ÅØ‰∏ÄËà¨ÁöÑ„Å´Á§æ‰ºö„Å´Ëá™ÂàÜ„ÅÆ„ÇØ„ÇΩÊÑö„Åã„Åï„Å®ÁÑ°Áü•„ÅÆ‰∏ñÁïå„Å´Ë≠¶Âëä„Åô„ÇãÂøÖË¶Å„Åå„ÅÇ„Çä„Åæ„Åó„Åü„ÄÇ„Åù„Çå„ÅØ„Å©„ÅÆ„Çà„ÅÜ„Å´RANDOM„Ç¶„Çß„Éñ„Çµ„Ç§„Éà‰∏ä„ÅÆ„É©„É≥„ÉÄ„É†„Å™„Ç§„É≥„Çø„Éº„Éç„ÉÉ„Éà„É¶„Éº„Ç∂„Éº„Å´„Çà„Å£„Å¶„Åã„Çâ„Åã„Çè„Çå„Å¶„ÅÑ„Çã„Å®ÊÑü„Åò„Çã„Çì„ÄÇ„ÅÇ„Çå„ÅØ‰Ωï„Åß„Åó„Çá„ÅÜ„ÅãÔºü„ÅÇ„Å™„Åü„ÅØÊ∞ó„Å´„Åó„Åæ„Åõ„Çì„ÅãÔºü„Åù„Çå„Åß„ÇÇÊ©ã„ÅÆ‰∏ã„ÅßÁîü„Åç„Å¶„ÅÑ„Çã„Å®„Åç„Å´Ê∞ó„Åæ„ÅÇ„ÄÅ15Âπ¥Âæå„ÅÆ„ÅÇ„Å™„Åü„ÅØReddit„ÅÆ‰∏äshitpostedÊôÇÈñì„ÇíË¶ö„Åà„Å¶„ÅÑ„Çã„Å†„Çç„ÅÜ„ÄÇÂé•„Åô„Åπ„Å¶„ÄÅÁßÅ„ÅØÂÆüÈöõ„Å´Ë°å„Çè„Çå„Å¶„ÅÑ„Åæ„Åô„ÄÇÊú¨ÂΩì„Å´„ÄÇÁßÅ„ÅØ„Å°„Çá„ÅÜ„Å©„ÅÇ„Å™„Åü„Åå„Å©„ÅÆ‚Äã‚Äã„Çà„ÅÜ„Å™„Åè„Å†„Çâ„Å™„ÅÑ‰∫∫„Å´Ê≥®ÊÑè„ÇíÂñöËµ∑„Åó„Åü„ÅÑ„Å®ËÄÉ„Åà„Åæ„Åó„Åü„ÄÇÁßÅ„ÅØ„Åù„Çå„ÅåÂä©„Åë„Å´„ÅØ„Å™„Çä„Åæ„Åõ„Çì„Åë„Å©„ÄÅÁßÅ„ÅØËá™ÂàÜ„ÅÆÁîüÊÑèÊ∞ó„Å™Â•≥„Å®„ÅØÈÅï„Å£„Å¶„ÄÅË≤¢ÁåÆ„Åó„Åü„ÅÑ„Åß„Åô„ÄÇ. M'sir, this is not a religion of peace"" -Bernie Sanders 2015.",http://reddit.com/r/circlejerk/comments/48roke/c/d0lxe78,3016,3
8077,circlejerk,"¬†¬†CLG | eSportspedia | Official Site | Twitter | Facebook | Youtube
TSM | eSportspedia | Official Site | Twitter | Facebook | Youtube  ¬†  ¬†  Link: Daily Live Update & Discussion Thread
Link: Event VODs Subreddit  ¬†  ¬†Winner: Trump SoloMid
Game Time: 69:420
¬†  BANS  ¬†  FINAL SCOREBOARD  Image: End-game screenshot  1,2,3 Number indicates where in the pick phase the champion was taken.  ¬†  ",57,https://www.reddit.com/r/circlejerk/comments/48mdgq,[Spoiler] Clinton Logic Gaming vs Trump SoloMid / 2016 USA President - Final / Post-Match Discussion,"Bernie banned twice and picked once, impressive.",http://reddit.com/r/circlejerk/comments/48mdgq/c/d0kw509,1113,9
8142,circlejerk,,24,https://www.reddit.com/r/circlejerk/comments/4aeawf,3.141592653589793238462643383279502884197169399375105820974944592307816406286 208998628034825342117067982148086513282306647093844609550582231725359408128481 117450284102701938521105559644622948954930381964428810975665933446128475648233 78678316527120190914564856692346034861045,Build a wall of text and make reddit pay for it. Build a wall of text and make reddit pay for it. Build a wall of text and make reddit pay for it. Build a wall of text and make reddit pay for it. Build a wall of text and make reddit pay for it. Build a wall of text and make reddit pay for it. Build a wall of text and make reddit pay for it. Build a wall of text and make reddit pay for it. Build a wall of text and make reddit pay for it. Build a wall of text and make reddit pay for it. Build a wall of text and make reddit pay for it. Build a wall of text and make reddit pay for it. Build a wall of text and make reddit pay for it. Build a wall of text and make reddit pay for it. Build a wall of text and make reddit pay for it. Build a wall of text and make reddit pay for it. Build a wall of text and make reddit pay for it. Build a wall of text and make reddit pay for it. Build a wall of text and make reddit pay for it. Build a wall of text and make reddit pay for it. Build a wall of text and make reddit pay for it. Build a wall of text and make reddit pay for it. Build a wall of text and make reddit pay for it. Build a wall of text and make reddit pay for it. Build a wall of text and make reddit pay for it. Build a wall of text and make reddit pay for it. Build a wall of text and make reddit pay for it. Build a wall of text and make reddit pay for it. Build a wall of text and make reddit pay for it. Build a wall of text and make reddit pay for it. Build a wall of text and make reddit pay for it. Build a wall of text and make reddit pay for it. Build a wall of text and make reddit pay for it. Build a wall of text and make reddit pay for it. Build a wall of text and make reddit pay for it. Build a wall of text and make reddit pay for it. Build a wall of text and make reddit pay for it. Build a wall of text and make reddit pay for it. Build a wall of text and make reddit pay for it. Build a wall of text and make reddit pay for it. Build a wall of text and make reddit pay for it. Build a wall of text and make reddit pay for it. Build a wall of text and make reddit pay for it. Build a wall of text and make reddit pay for it. Build a wall of text and make reddit pay for it. Build a wall of text and make reddit pay for it. Build a wall of text and make reddit pay for it. Build a wall of text and make reddit pay for it. Build a wall of text and make reddit pay for it. Build a wall of text and make reddit pay for it. Build a wall of text and make reddit pay for it. Build a wall of text and make reddit pay for it. Build a wall of text and make reddit pay for it. Build a wall of text and make reddit pay for it. Build a wall of text and make reddit pay for it. Build a wall of text and make reddit pay for it. Build a wall of text and make reddit pay for it. Build a wall of text and make reddit pay for it. Build a wall of text and make reddit pay for it. Build a wall of text and make reddit pay for it. Build a wall of text and make reddit pay for it. Build a wall of text and make reddit pay for it. Build a wall of text and make reddit pay for it. Build a wall of text and make reddit pay for it. Build a wall of text and make reddit pay for it. Build a wall of text and make reddit pay for it. Build a wall of text and make reddit pay for it. Build a wall of text and make reddit pay for it. Build a wall of text and make reddit pay for it. Build a wall of text and make reddit pay for it. Build a wall of text and make reddit pay for it. Build a wall of text and make reddit pay for it. Build a wall of text and make reddit pay for it. Build a wall of text and make reddit pay for it. Build a wall of text and make reddit pay for it. Build a wall of text and make reddit pay for it. Build a wall of text and make reddit pay for it. Build a wall of text and make reddit pay for it. Build a wall of text and make reddit pay for it. Build a wall of text and make reddit pay for it. Build a wall of text and make reddit pay for it. Build a wall of text and make reddit pay for it. Build a wall of text and make reddit pay for it. Build a wall of text and make reddit pay for it. Build a wall of text and make reddit pay for it. Build a wall of text and make reddit pay for it. Build a wall of text and make reddit pay for it. Build a wall of text and make reddit pay for it. Build a wall of text and make reddit pay for it. Build a wall of text and make reddit pay for it. Build a wall of text and make reddit pay for it. Build a wall of text and make reddit pay for it. Build a wall of text and make reddit pay for it. Build a wall of text and make reddit pay for it. Build a wall of text and make reddit pay for it. Build a wall of text and make reddit pay for it. Build a wall of text and make reddit pay for it. Build a wall of text and make reddit pay for it. Build a wall of text and make reddit pay for it. Build a wall of text and make reddit pay for it.,http://reddit.com/r/circlejerk/comments/4aeawf/c/d0ztcz6,236,3
8201,circlejerk,Bernie eats them the way they're supposed to be eaten:#PeeltheBern,47,https://www.reddit.com/r/circlejerk/comments/4cq5tg,BREAKING: Hillary Clinton found biting into her string cheese instead of peeling it.,‚òê Vagina Bacon,http://reddit.com/r/circlejerk/comments/4cq5tg/c/d1kfp7x,816,9
8351,circlejerk,"Not a movie, but jake gyllenhaal.",35,https://www.reddit.com/r/circlejerk/comments/4cqpf0,Which Jake Gyllenhaal played Jake Gyllenhaal a little TOO Jake Gyllenhaal?,"Hi I'm a girl xD
Edit: RIP my inbox",http://reddit.com/r/circlejerk/comments/4cqpf0/c/d1kn110,358,3
8443,circlejerk,Hurry up and updoot to the right.,60,https://www.reddit.com/r/circlejerk/comments/495v8b,"If this gets 1000 updoots, then this sub will merge with /r/circlejerk","Im done now talking about all of this. I just want to make the place as nice as possible but you people cant see through little issues to see the bigger picture. That is an issue with this whole subreddit, to many of people want to shit on the game for whats wrong and never appreciate whats right. But thats just my 2 cents. Dont expect any more replies from me unless they are via mod mail or a PM",http://reddit.com/r/circlejerk/comments/495v8b/c/d0pddaq,979,0
8471,circlejerk,we warned you. we do not forgive. we do not forget. expect us.,20,https://www.reddit.com/r/circlejerk/comments/4annwe,POLICE LINE DO NOT CROSS POLICE LINE DO NOT CROSS POLICE LINE DO NOT CROSS POLICE LINE DO NOT CROSS =================================,-( Õ°¬∞ Õú ñ Õ°¬∞)‚ïØ‚ï≤___üî•üî•üî´üî•üî•üöìüî•üî•üî™üî•üî•üöëüî•üî•üëÆüî•üî•‚úäüî•üî• Don't mind me just having a peaceful protest,http://reddit.com/r/circlejerk/comments/4annwe/c/d12c4um,90,0
8482,circlejerk,,32,https://www.reddit.com/r/circlejerk/comments/4ad74c,Bernie Sanders.,Edit: btw MY GIRLFRIEND posted this comment for me ;),http://reddit.com/r/circlejerk/comments/4ad74c/c/d0zckaz,236,6
8483,circlejerk,[deleted],42,https://www.reddit.com/r/circlejerk/comments/4bi80y,[AMA REQUEST] Rob Ford,Edit: Apparently I am dead. ,http://reddit.com/r/circlejerk/comments/4bi80y/c/d19bzhl,353,8
8500,circlejerk,Otherwise you may #FeelTheBern,52,https://www.reddit.com/r/circlejerk/comments/49u2aj,"LPT: When reheating pizza, eat the pizza, not the oven",Edit: thanks for the edit ,http://reddit.com/r/circlejerk/comments/49u2aj/c/d0uwi09,428,5
8560,circlejerk,,29,https://www.reddit.com/r/circlejerk/comments/48hspz,TIL tupac was a black guy who committed black guy crimes because he was a black guy,"I'm a white guy, AMA!",http://reddit.com/r/circlejerk/comments/48hspz/c/d0jnlsi,397,3
8620,circlejerk,EDIT: wow thanks for the gold stranger :),23,https://www.reddit.com/r/circlejerk/comments/4ajcj5,Non-Survivors of attempted murder: what's your story?,Edit: Really? No upvotes or downvotes after 2 minutes? I'm really triggered now.,http://reddit.com/r/circlejerk/comments/4ajcj5/c/d113g8h,461,0
8683,circlejerk,,30,https://www.reddit.com/r/circlejerk/comments/48hx24,Rapper Kanye West has passed away at age 38., for a second,http://reddit.com/r/circlejerk/comments/48hx24/c/d0js1rt,236,6
8759,circlejerk,lmao,70,https://www.reddit.com/r/circlejerk/comments/48ohik,CANT,Bernie Sanders,http://reddit.com/r/circlejerk/comments/48ohik/c/d0lfi1h,1408,3
8848,circlejerk,http://i.imgur.com/vQlMRgi.jpg,30,https://www.reddit.com/r/circlejerk/comments/497no8,"Jon Stewart, former host of The Daily Show, has died at 53.",Source,http://reddit.com/r/circlejerk/comments/497no8/c/d0pmpda,203,4
8871,circlejerk,,22,https://www.reddit.com/r/circlejerk/comments/4ac7i2,"TIL the phrase ""Today I Learned"" can be abbreviated as ""TIL"".",Wow TIL,http://reddit.com/r/circlejerk/comments/4ac7i2/c/d0z5a8v,216,3
9068,circlejerk,,20,https://www.reddit.com/r/circlejerk/comments/4c5ks9,"Hi, I'm a hydraulic press. AMA!",Could you hydraulic press some gold kind stranger ?,http://reddit.com/r/circlejerk/comments/4c5ks9/c/d1f7xw6,108,8
9100,circlejerk,,35,https://www.reddit.com/r/circlejerk/comments/48e2cj,DONALDO TRUMPET IS TRYING TO TAKE LEONARDO DAVINCIS OSCAR AWAY. CLICK THE UPYOURFIRED BUTTON TO FIRE RONALD RUMP,"[1] was created in late 2010. Back before I could get any sort of points or even username recognition, I was creating memes as a clever and easily digestible way to reflect on society, relate some story to my audience, or just be funny. Do you remember rich raven? No? I do. You probably don't remember depression dog, crazy girlfriend praying mantis, introspective pug, or friendzone Johnny either. I remember all of them. In fact, you have only submitted two posts to adviceanimals garnering a total of just 4 points and have not commented there any time recently. So please, respect my judgement regarding the direction of the subreddit and the integrity of posts I have held dear to my heart for nearly 7 years but you have no strong feelings for. Thanks",http://reddit.com/r/circlejerk/comments/48e2cj/c/d0j4wtw,1188,6
9110,circlejerk,,30,https://www.reddit.com/r/circlejerk/comments/4c6q0l,----------------- EVERYTHING BELOW THIS LINE IS JUST PURE AUTISM -----------------,Edit: Here to say this,http://reddit.com/r/circlejerk/comments/4c6q0l/c/d1fluva,474,5
9146,circlejerk,,25,https://www.reddit.com/r/circlejerk/comments/48ygnn,Donald Trump has a massive penis. Politifact: TRUE.,hilary doesnt do it and then after a while she goes to sleep. the next morning she wakes up and finds her bernie still not there. she gets out to check and trump door hand hook vote for,http://reddit.com/r/circlejerk/comments/48ygnn/c/d0nqro6,324,9
9156,circlejerk,,30,https://www.reddit.com/r/circlejerk/comments/4bpdmz,"IF THIS MAKES IT TO THE FRONT PAGE BEFORE THE REDDIT ADMINS FIX THE COMMENTS, /R/CIRCLEJERK WILL BE DISBANDED",I'm just here for the gold.,http://reddit.com/r/circlejerk/comments/4bpdmz/c/d1b8bjc,381,3
9170,circlejerk,,20,https://www.reddit.com/r/circlejerk/comments/4buaht,Sanders's Campaign Crushed by Hydraulic Press,r/circlejerk,http://reddit.com/r/circlejerk/comments/4buaht/c/d1cxdrd,1267,8
9209,circlejerk,,27,https://www.reddit.com/r/circlejerk/comments/4adojx,HAPPY PI DAY DAE INTELLECTUAL XD XD XD,Disappointed.,http://reddit.com/r/circlejerk/comments/4adojx/c/d0zkv9c,336,0
9266,circlejerk,[deleted],21,https://www.reddit.com/r/circlejerk/comments/48rsr8,BREAKING: Bad,DAE HATE SKYLER?!??!!!,http://reddit.com/r/circlejerk/comments/48rsr8/c/d0m1r6d,131,3
9389,circlejerk,,48,https://www.reddit.com/r/circlejerk/comments/49dvz0,/r/Circlejerk dies at age 7,"I used to masturbate onto birds at a local park. Not a thing that I'm particularly proud of but I became quite good at it. I was taking zinc supplements so I was shooting massive loads and it became something of a sport to me. For anyone interested here is your best strategy. first, you need to find an isolated spot so you don't become a sex offender. I found a short kind of channel area where I saw the pigeons would congregate. Next, you arouse yourself. I was usually content with envisioning the occasional jogging lady coming over and taking a shit on my chest and that was enough to fuel the fire but if you're not as sexually charged as me just take some porn on the go. After you're good an horny, you get some bread. My pigeons preferred white bread but healthier birds might have a taste for honey wheat or maybe even multigrain. Fat, unhealthy birds are slower and easier to hit so remember that. Once you are seated on the bench and ready to do the deed, whip your roosevelt out and scatter bread out within a few feet of you. use your judgement based on how far you know you can cum. I was a lonely and depraved soul who could hit targets the size of a thimble at distances up to 4 feet. You wait for the pigeons to begin eating and to get comfortable with your presence. At this point, you want to coo gently and talk sensually to them to gain their trust. Now you're finally ready to cum on your bird. This is a tough part because the rapid motion of masturbation is very frightening to the birds, so you have to be subtle. Once you master a technique, you simply wind it up and let it go, aiming depending on your past cumming experiences. I always came high so I would aim for the neck of the bird and catch it right in the face. It's an extremely satisfying and erotic feeling, seeing those birds reel around covered in cum and maybe even transporting it to other places in the city. Either way I haven't done it in years but every now and then I catch myself gazing wistfully at a flock of birds, cock throbbing and waiting for them to land close to me.",http://reddit.com/r/circlejerk/comments/49dvz0/c/d0r0dqf,257,4
9488,circlejerk,,23,https://www.reddit.com/r/circlejerk/comments/4921pu,"TIL that before reddit, Lebanon was simply known as ""Banon"".","And before 4chan it was just called ""b""",http://reddit.com/r/circlejerk/comments/4921pu/c/d0ooqwo,525,3
9493,circlejerk,I like eating ass,33,https://www.reddit.com/r/circlejerk/comments/49n3mg,DAE remember when Sanders won Michigan? Fuck I'm old.,Upvote if you like eating ass,http://reddit.com/r/circlejerk/comments/49n3mg/c/d0t5jcb,140,8
9516,circlejerk,[deleted],22,https://www.reddit.com/r/circlejerk/comments/4c5lxb,TIL Carl Sagan was brought in to mediate an argument between Richard Dawkins and Neil Degrasse Tyson about which fedora atheists should wear.,"The answer? Bernald ""The Meme"" Sandals",http://reddit.com/r/circlejerk/comments/4c5lxb/c/d1f8ckq,139,3
9544,circlejerk,~BeRnIE 2ol6~,24,https://www.reddit.com/r/circlejerk/comments/4aijo8,I had unprotected sex with a girl I met at a Bernie rally and I'm really starting to feel the bern. Should I see a doctor?,todayüëèisüëètheüëèides of march‚ùóÔ∏è‚ùóÔ∏è‚ùóÔ∏èüìÜüòú Julius Caesar üí¨mightüí¨ have gottenüíòthe knifeüò© but I'm ‚ùåNOT‚ùåüôÖ going to stabüî™üî™YOU in the backüëåüôè because you're my üë¨HOMIE! send this to 1‚É£5‚É£ Rulers üëëof Rome that you üö´won'tüö´ stab in the back üî™üî™ ET TU BROTE?? üôä,http://reddit.com/r/circlejerk/comments/4aijo8/c/d115w0j,605,1
9738,circlejerk,,20,https://www.reddit.com/r/circlejerk/comments/49nmdj,"BREAKING: Donald trump suspends campaign. ""Despite recent results, I've come to the conclusion that I cannot win without the support of r/politics.""",FEEL THE BERMMMMMMMMMMMMMMMMMNMNNNNNNNNNNNNNMNNNNNNNNNNNNNNMNNNNNNNNNNMNNNNNNNNNNNNNNNNMNNMNNNNNNNNHITLERMNNNNNNNNNNNNNNNNNNNNNMNNNNNNNNNNNNNNNNNNNNNNNNNNNNNNNNNNNNNN,http://reddit.com/r/circlejerk/comments/49nmdj/c/d0t8xj7,143,5
9789,circlejerk,,35,https://www.reddit.com/r/circlejerk/comments/48m4fc,"TIL that before Donald Trump, ""McDonald's"" was just ""Mc's""",bu s√∂yl…ôm…ôy…ô g…ôldik,http://reddit.com/r/circlejerk/comments/48m4fc/c/d0ksmvd,2204,3
9833,circlejerk,,23,https://www.reddit.com/r/circlejerk/comments/4b74p8,TIL Bernie Sanders murdered a 12 year old after spray painting his Porsche. The 12 year olds name? Donald Trump.,bernie sanders,http://reddit.com/r/circlejerk/comments/4b74p8/c/d16n8es,248,6
9871,circlejerk,,54,https://www.reddit.com/r/circlejerk/comments/49td5s,Bernie Sanders: True Hillary Clinton: FALSE,politifact.com politifact.com politifact.com politifact.com politifact.com politifact.com politifact.com politifact.com politifact.com politifact.com politifact.com politifact.com politifact.com politifact.com politifact.com politifact.com politifact.com politifact.com politifact.com politifact.com politifact.com politifact.com politifact.com politifact.com politifact.com politifact.com politifact.com politifact.com politifact.com politifact.com politifact.com politifact.com politifact.com politifact.com politifact.com politifact.com politifact.com politifact.com politifact.com politifact.com politifact.com politifact.com politifact.com politifact.com politifact.com politifact.com politifact.com politifact.com politifact.com politifact.com politifact.com politifact.com politifact.com politifact.com politifact.com politifact.com politifact.com politifact.com politifact.com politifact.com politifact.com politifact.com politifact.com politifact.com politifact.com politifact.com politifact.com politifact.com politifact.com politifact.com politifact.com politifact.com politifact.com politifact.com politifact.com politifact.com politifact.com politifact.com politifact.com politifact.com politifact.com politifact.com politifact.com politifact.com ,http://reddit.com/r/circlejerk/comments/49td5s/c/d0unnq7,415,6
9963,circlejerk,,40,https://www.reddit.com/r/circlejerk/comments/4a88ks,Edit: wow this blew up!,Downvoted for visibility,http://reddit.com/r/circlejerk/comments/4a88ks/c/d0y7wxe,203,0
10019,circlejerk,,21,https://www.reddit.com/r/circlejerk/comments/48ugy5,"Bernie Sanders: ""I will build reliable high speed internet and make Comcast pay for it""",bernie.,http://reddit.com/r/circlejerk/comments/48ugy5/c/d0ms3e2,859,6
10024,circlejerk,Boobs,26,https://www.reddit.com/r/circlejerk/comments/4brli1,Boobs,Risky click of the day XDDDDDDDD,http://reddit.com/r/circlejerk/comments/4brli1/c/d1brp5h,95,3
10058,circlejerk,,26,https://www.reddit.com/r/circlejerk/comments/49zayh,The Circlejerk,"Don't mind me, just investing in an early comment in hopes for karma.",http://reddit.com/r/circlejerk/comments/49zayh/c/d0w2ho4,128,3
10119,circlejerk,"Edit 15 - gosh this exploded, I would like to thank my mom.
Edit 54 - Stop gilding me already!!!
Edit 69 - really Reddit",25,https://www.reddit.com/r/circlejerk/comments/4cpqxh,"Hillary Clinton: ""I don't see anything wrong with reposts""","""I did not repost that woman"" - Bill Clinton",http://reddit.com/r/circlejerk/comments/4cpqxh/c/d1klqd2,416,0
10128,circlejerk,,21,https://www.reddit.com/r/circlejerk/comments/4bakdx,"TIL Netflix is legally obligated to do whatever I say if I make a ""Dear Netflix"" post on reddit.","TIL that before reddit, reddit was just eddit.",http://reddit.com/r/circlejerk/comments/4bakdx/c/d17uxow,474,3
10268,circlejerk,,23,https://www.reddit.com/r/circlejerk/comments/49o78z,"BREAKING: In a stunning upset, Bernie Sanders beats Brazil 7-1 in Michigan",H Ôº•Ôº¨Ôº¨ÔºØ Ôº°Ôº≠ ÔºîÔºò ÔºπÔº•Ôº°Ôº≤ Ôº≠Ôº°ÔºÆ Ôº¶Ôº≤ÔºØÔº≠ Ôº≥ÔºØÔº≠Ôº°Ôº¨Ôº©Ôº°Ôºé Ôº≥ÔºØÔº≤Ôº≤Ôºπ Ôº¶ÔºØÔº≤ Ôº¢Ôº°Ôº§ Ôº•ÔºÆÔºßÔº¨Ôº°ÔºÆÔº§Ôºé Ôº© Ôº≥Ôº•Ôº¨Ôº¨Ôº•Ôº§ Ôº≠Ôºπ Ôº∑Ôº©Ôº¶Ôº• Ôº¶ÔºØÔº≤ Ôº©ÔºÆÔº¥Ôº•Ôº≤ÔºÆÔº•Ôº¥ Ôº£ÔºØÔºÆÔºÆÔº•Ôº£Ôº¥Ôº©ÔºØÔºÆ Ôº¶ÔºØÔº≤ Ôº∞Ôº¨Ôº°Ôºπ ÔºÇÔΩàÔΩÖÔΩÅÔΩíÔΩîÔΩà ÔΩìÔΩîÔΩèÔΩéÔΩÖÔºÇ Ôº°ÔºÆÔº§ Ôº© Ôº∑Ôº°ÔºÆÔº¥ Ôº¥ÔºØ Ôº¢Ôº•Ôº£ÔºØÔº≠Ôº• Ôº¥Ôº®Ôº• ÔºßÔºØÔºØÔº§Ôº•Ôº≥Ôº¥ Ôº∞Ôº¨Ôº°ÔºπÔº•Ôº≤ Ôº¨Ôº©Ôº´Ôº• ÔºπO U,http://reddit.com/r/circlejerk/comments/49o78z/c/d0tr8r1,368,6
10269,circlejerk,I'm not even joking.,28,https://www.reddit.com/r/circlejerk/comments/48c3qq,"Reddit, you have supported me since this campaign first began, and for that, I thank you. Today, I have a huge request for you. I need about 2.70$. - Bernie Sanders.",Ima need about tree fiddy,http://reddit.com/r/circlejerk/comments/48c3qq/c/d0iqr3c,480,6
10282,circlejerk,y,28,https://www.reddit.com/r/circlejerk/comments/48ohhk,STUMP,STUMP THE CAN'T TRUMP,http://reddit.com/r/circlejerk/comments/48ohhk/c/d0llkcb,1400,3
10318,circlejerk,,26,https://www.reddit.com/r/circlejerk/comments/4a5u7h,"""My greatest dream is a world without memes"" - Hillary Clinton"," have formally endorsed Senator Sanders for president. We will continue to control the front page with positive Bernie news. So before you start talking shit and bragging about your bitch's win, I'll have you know that we're well versed in downvote brigades. Say RIP to your karma if you try anything cute. Assholes.",http://reddit.com/r/circlejerk/comments/4a5u7h/c/d0xob09,176,9
10325,circlejerk,,24,https://www.reddit.com/r/circlejerk/comments/4abi9d,"TIL you can't spell ""Ted Cruz is the Zodiac Killer"" without ""Ted Cruz""",DAE else feel the Burn?,http://reddit.com/r/circlejerk/comments/4abi9d/c/d0yztas,427,0
10337,circlejerk,,74,https://www.reddit.com/r/circlejerk/comments/4a7hrl,"Bernie Sanders to outlaw oral sex if elected: ""It's the only way I can get r/politics to stop sucking my dick""",Let's dispel this thing that Bernie Sanderino doesn't know stuff. He most likely knows stuff and looks damn sexy representing the people of this great site. ,http://reddit.com/r/circlejerk/comments/4a7hrl/c/d0y22ni,1302,6
10394,circlejerk,,28,https://www.reddit.com/r/circlejerk/comments/48gi4q,This sub is starting to feel like r/circlejerk,"Yo fam im new!!!!!!! holds up mixtape my name is Daquan but u can call me t3h N1GgA oF d00m!!!!!!!! bruh‚Ä¶as u can see im a real savage. thats why i came here, 2 meet üíØ% no chill ppl like me‚Ä¶ im 16 years old (i got first hand street experience tho!!) i like 2 Netflix n chill w/ my sidepiece (cuz you know this ain't my main one, smdh) bcuz da pussy is straight fire!!!! shes savage 2 of course but i want 2 meet more savage ppl =) like they say the more lit the squad the more lit the pussy!!!! lol‚Ä¶neways i hope 2 make a big squad here so give me lots of retweets!!!! WHYTHISNIGGADRAKELOOKLIKEASAUDIWARLORD?????!!!!!!!!!! <--- me bein savage again _^ hehe‚Ä¶stay real fam!!! ! !",http://reddit.com/r/circlejerk/comments/48gi4q/c/d0jour7,977,0
10435,circlejerk,,35,https://www.reddit.com/r/circlejerk/comments/496825,Sanders wins North Korea,"Im done now talking about all of this. I just want to make the place as nice as possible but you people cant see through little issues to see the bigger picture. That is an issue with this whole subreddit, to many of people want to shit on the game for whats wrong and never appreciate whats right. But thats just my 2 cents. Dont expect any more replies from me unless they are via mod mail or a PM",http://reddit.com/r/circlejerk/comments/496825/c/d0pdaf2,636,7
10521,circlejerk,,20,https://www.reddit.com/r/circlejerk/comments/4aptmm,Bernie Sanders has officially dropped out of the American presidential race., for a second ,http://reddit.com/r/circlejerk/comments/4aptmm/c/d12lntx,97,6
10525,circlejerk,,22,https://www.reddit.com/r/circlejerk/comments/4atd9p,TIL Donald Trump is committing genocide in Iraq and Syria with a hydraulic press,Sigh... Unzips.,http://reddit.com/r/circlejerk/comments/4atd9p/c/d13n9vj,164,8
10615,circlejerk,Literally Wikipedia.,26,https://www.reddit.com/r/circlejerk/comments/493k9f,"TIL eating peanut butter as an infant can grant immortality, prevent cancer, and increase penis size by 300%.",üíØüíØhOHoHOHHHHMYFUCkking GOFD üòÇüòÇüòÇ DUDE üëåi AM üëâLITERALLYüëà iN üòÇTEARSüòÇ RIGHT NOW BRo üëÜüëáüëâüëà hHAHAHAHAHAHAHA ‚úåÔ∏èüëåüëç TAHT WA SO FUCKIN G FUNNY DUd üíßüíßüòÖüòÇüí¶üíßI cAN NOT FUCKING BELIEV how üíØFUNny üëåüëçüíØthta shit wa s üëÄüëçüòÜüòÇüòÇüòÖ I üë¶ CAN NOT ‚ùå bRATHE üëÉüëÑüëÉüëÑ‚ùå‚ùå / HELP ‚ùóÔ∏èI NEEd üëâüëâ AN a m b u l a n c eüöëüöë SSSooOOoo00000oOOOOO√∏√∏√∏√ò√ò√ò√ò√ò fUCKING FUNY ‚úîÔ∏è‚òëÔ∏èüíØüíØ1Ô∏è‚É£0Ô∏è‚É£0Ô∏è‚É£üòÜüòÜüòÇüòÇüòÖ shit man ‚ùïüíØüíØüî•‚òùÔ∏èüëådamn,http://reddit.com/r/circlejerk/comments/493k9f/c/d0ou4a7,936,3
10688,circlejerk,,20,https://www.reddit.com/r/circlejerk/comments/4ay942,"Hi reddit, i am former presidential candidate Marco Rubio. I lost in my home state and suspended my campaign. Now I really just want some karma.",Let's dispel with this fiction that MARCO RUBIO doesn't know what he's doing. He knows exactly what he's doing. He's undertaking a systematic change to harvest karma from reddit,http://reddit.com/r/circlejerk/comments/4ay942/c/d14irdn,187,5
10778,circlejerk,,20,https://www.reddit.com/r/circlejerk/comments/497a18,"TIL if the 3/5ths compromise were still in effect, Bernie Sanders would be winning right now.","IM DELETING YOU, BERNIE!üò≠üëã ‚ñà‚ñà]]]]]]]]]]]]]]]]]]]]]]]]]]]]]]]]]]] 10% complete..... ‚ñà‚ñà‚ñà‚ñà]]]]]]]]]]]]]]]]]]]]]]]]]]] 35% complete.... ‚ñà‚ñà‚ñà‚ñà‚ñà‚ñà‚ñà]]]]]]]]]]]]]]]] 60% complete.... ‚ñà‚ñà‚ñà‚ñà‚ñà‚ñà‚ñà‚ñà‚ñà‚ñà‚ñà] 99% complete..... üö´ERROR!üö´ üíØTrueüíØ ‚úîBerniesüíÉüë¥ are irreplaceable üíñI could never delete you Bernie!üíñ Send this to ten other üë¥üíÉBerniesüë¥üíÉ who give you üíñüëçsocialismüíñüëç Or never get called üå∑üåºÔ∏èprogressiveüå∑üåºÔ∏è again üö´üò¢üëéüò¢üëé If you get 0 Back: no free healthcare for you üö´üè•üö´üè• 3 back: you're progressiveüóΩüóΩ 5 back: you #FEELTHEBERN üîØüóΩüîØ 10+ back: You‚Äôre the first lady!",http://reddit.com/r/circlejerk/comments/497a18/c/d0pl78y,171,7
10806,circlejerk,Fuck You,30,https://www.reddit.com/r/circlejerk/comments/4c38d2,"If You Do This, Fuck You.",This!,http://reddit.com/r/circlejerk/comments/4c38d2/c/d1enuy1,131,3
10914,circlejerk,,28,https://www.reddit.com/r/circlejerk/comments/49j4c5,I AM MENTIONING BERNIE SANDERS ON R/CIRCLEJERK GIVE ME KARMA,EDIT: thanks for gold kind stranger,http://reddit.com/r/circlejerk/comments/49j4c5/c/d0s5q1c,305,6
10970,circlejerk,BeRnie 4 presiD3nt,27,https://www.reddit.com/r/circlejerk/comments/49yb30,BERNIE SANDERS WON IRELAND WOWOWO!!!?,"They targeted gamers. Gamers. We're a group of people who will sit for hours, days, even weeks on end performing some of the hardest, most mentally demanding tasks. Over, and over, and over all for nothing more than a little digital token saying we did. We'll punish our selfs doing things others would consider torture, because we think it's fun. We'll spend most if not all of our free time min maxing the stats of a fictional character all to draw out a single extra point of damage per second. Many of us have made careers out of doing just these things: slogging through the grind, all day, the same quests over and over, hundreds of times to the point where we know evety little detail such that some have attained such gamer nirvana that they can literally play these games blindfolded. Do these people have any idea how many controllers have been smashed, systems over heated, disks and carts destroyed 8n frustration? All to latter be referred to as bragging rights? These people honestly think this is a battle they can win? They take our media? We're already building a new one without them. They take our devs? Gamers aren't shy about throwing their money else where, or even making the games our selves. They think calling us racist, mysoginistic, rape apologists is going to change us? We've been called worse things by prepubescent 10 year olds with a shitty head set. They picked a fight against a group that's already grown desensitized to their strategies and methods. Who enjoy the battle of attrition they've threatened us with. Who take it as a challange when they tell us we no longer matter. Our obsession with proving we can after being told we can't is so deeply ingrained from years of dealing with big brothers/sisters and friends laughing at how pathetic we used to be that proving you people wrong has become a very real need; a honed reflex. Gamers are competative, hard core, by nature. We love a challange. The worst thing you did in all of this was to challange us. You're not special, you're not original, you are just another boss fight.",http://reddit.com/r/circlejerk/comments/49yb30/c/d0vzy0l,188,6
11027,circlejerk,,25,https://www.reddit.com/r/circlejerk/comments/48h47t,"To all Sanders Supportes: DON'T LOSE HOPE! Even if Bernie loses every state from now until the general, he'll still have won second place!",I live in a different country but I donated to Bernie. As a European I am used to coming in second place. /c,http://reddit.com/r/circlejerk/comments/48h47t/c/d0jomzj,279,6
11038,circlejerk,OOOOOOEEEEGONNAGETIT,34,https://www.reddit.com/r/circlejerk/comments/4bvxzs,REDDIT WENT DOWN FOR 20 MINUTES,is it back up now? ,http://reddit.com/r/circlejerk/comments/4bvxzs/c/d1cveaa,170,3
